name,created,modified
cihva,2010-04-04,2014-03-20
vihvo,2009-10-15,2013-10-19
cijvp,1996-09-19,2014-09-22
cinvs,2008-03-05,2015-02-06
cinvu,2014-07-22,2014-07-26
cinvy,2009-04-18,2014-03-16
cinva,2007-03-14,2014-03-15
cinvc,2013-02-21,2014-01-19
cinve,2012-08-17,2014-08-18
cinvg,2014-02-05,2014-02-05
cinvi,2010-06-10,2013-04-26
cinvm,2011-04-09,2015-02-11
cinvo,2005-07-16,2014-07-02
winvs,2006-02-25,2013-05-13
qicvt,2014-07-02,2014-07-17
dicvx,2014-08-26,2014-08-27
kirvy,2005-02-03,2015-02-04
kirvz,2014-11-26,2014-11-26
nicvu,2012-01-26,2015-01-27
nicvv,2008-07-13,2015-01-05
nicvp,2013-12-01,2014-12-01
kirvs,2014-05-28,2014-05-28
nicvm,2012-09-24,2014-07-29
kirvo,2008-10-28,2014-11-24
nicvn,2003-02-27,2015-02-09
kirvi,2012-08-06,2014-08-07
nicvh,2011-05-02,2014-04-25
nicvk,2013-08-26,2014-08-27
kirve,2007-09-19,2014-12-29
kirva,2009-09-27,2014-06-23
nigvs,2014-10-28,2014-10-28
kivvu,2013-05-29,2014-05-19
kivvy,2001-05-03,2007-04-11
kivva,2006-08-20,2014-08-20
kivve,2013-05-27,2014-05-28
kivvi,2005-10-31,2013-10-17
kivvo,2010-05-02,2014-05-05
qiava,2014-04-10,2014-09-21
sibvc,2014-03-15,2014-11-19
zitvi,2012-03-21,2014-05-02
zitvo,2003-01-19,2014-12-19
kilvx,2014-10-22,2014-11-01
cidvo,2013-04-16,2015-02-12
zirvi,2013-04-03,2014-04-04
cidvc,2001-01-31,2015-01-13
zirve,1997-04-16,2014-12-01
zirva,2000-01-20,2013-12-03
cidvd,2008-12-30,2015-01-28
kilvi,2013-12-21,2014-11-13
kilvo,2012-08-02,2014-08-03
kilvn,2013-04-14,2014-07-30
cidvs,2012-10-23,2014-08-11
kilva,2009-10-02,2014-10-13
kilve,2004-10-23,2014-09-15
zirvs,2014-03-03,2015-01-03
simvy,2006-11-19,2015-01-21
rifvf,2014-08-11,2014-08-11
rifvn,2014-04-05,2014-04-05
mijvg,2014-06-06,2014-06-06
qiovo,2014-06-14,2014-06-14
qiova,2012-08-22,2013-08-07
nimvi,2011-04-22,2014-04-27
qiivo,2014-09-04,2014-09-25
nimvo,2010-04-12,2014-01-29
hiiva,2014-03-25,2014-03-29
nimve,2013-10-21,2013-10-21
mihvz,2014-01-15,2015-02-05
nimvy,2011-12-02,2014-11-03
nimvu,2011-09-24,2014-09-29
kipvo,2014-03-19,2014-03-19
qieva,2014-02-17,2015-02-07
qieve,2011-12-23,2014-12-18
milvo,2010-03-31,2014-04-10
milvn,2009-06-26,2014-10-16
milva,2003-03-13,2015-02-12
niave,2004-08-15,2014-06-18
kipvc,2005-06-14,2014-06-18
pigva,2014-09-05,2014-09-05
niava,2002-05-28,2015-01-10
qievo,2013-04-26,2014-03-28
milvy,2000-06-13,2015-01-14
wisvn,2013-06-26,2014-06-12
wisvo,2000-08-11,2014-08-12
wisvi,2013-10-07,2014-11-18
pigvg,2014-03-05,2014-09-04
milvs,,
milvr,2014-08-02,2014-10-19
milvu,2015-02-02,2015-02-02
wisva,2011-09-14,2014-08-05
wisvc,2002-03-11,2014-03-11
fiova,2011-11-19,2014-12-19
pigve,2008-12-26,2014-03-10
fiovi,2013-12-22,2014-12-23
iiove,2014-12-01,2014-12-01
fiovo,2010-03-26,2014-04-18
sievr,2014-09-04,2014-09-04
pigvk,2014-11-09,2014-11-24
yiqve,2010-05-21,2014-05-22
vinve,2011-05-12,2014-05-13
pigvo,2014-09-23,2014-09-23
pigvn,2012-05-07,2013-05-04
iiavn,2010-01-26,2015-01-27
zisvz,2014-07-27,2014-07-27
pigvm,2014-05-24,2014-05-29
hievo,2006-08-24,2014-07-31
hieva,2002-11-07,2014-03-10
hieve,2012-02-16,2015-02-14
dirvs,2006-04-24,2015-01-01
iikvf,2014-08-21,2014-08-21
iikvg,2014-03-11,2014-09-04
iimvu,2013-11-20,2014-11-10
hiove,2012-01-11,2015-01-12
firvy,2014-07-13,2014-07-13
hiovo,2006-03-07,2015-01-04
hiovn,2012-03-10,2014-01-31
iimva,2013-12-07,2013-12-07
hiovp,2015-01-08,2015-01-08
zifvq,2013-05-08,2014-05-30
eidvn,2014-05-20,2014-07-29
eidve,2014-09-03,2014-09-03
iimvn,2014-04-09,2014-04-10
vinvo,2005-11-22,2015-01-27
einvg,2012-06-14,2012-06-14
einve,2014-12-08,2014-12-08
einvi,2014-09-12,2014-09-12
himvf,2014-11-05,2014-11-05
vinvi,2014-12-06,2014-12-26
einvs,2015-01-18,2015-01-18
rijvo,2003-04-25,2014-04-26
einvw,2014-07-30,2014-07-30
rijvi,2007-11-02,2014-12-08
bigva,2007-06-05,2014-06-06
rijva,2001-09-10,2014-09-11
firvs,2014-05-08,2014-05-08
dimva,2004-12-04,2014-12-04
yimvi,2014-10-23,2014-11-05
iiqvf,2011-11-01,2011-11-01
riava,2011-10-19,2014-10-15
zidvr,2014-05-31,2014-10-04
yimvu,2013-01-07,2015-01-07
eipvc,2014-09-21,2014-09-21
tihve,2000-11-02,2014-10-23
firvw,2015-01-08,2015-01-08
pivvc,2014-10-08,2014-10-23
tidvr,2013-12-25,2015-02-06
yikvu,2014-09-11,2015-01-09
tibvb,,
riave,2014-10-27,2014-10-27
jiyvr,2014-01-22,2014-12-24
tibvn,2014-01-09,2015-01-10
sivve,2007-09-05,2014-08-06
pivva,2009-01-11,2015-02-08
ziavm,2014-11-04,2014-11-04
eitvs,2014-07-26,2014-10-14
gigvu,2014-07-12,2014-07-27
fievy,2014-11-16,2014-11-16
giavy,2013-12-28,2015-02-08
fievr,2012-07-14,2014-07-22
giavu,2014-01-15,2015-01-16
giavn,2011-04-24,2015-01-05
giavo,2008-01-30,2015-02-05
giavl,2014-01-26,2015-01-29
fievo,2013-10-25,2014-10-22
biyvf,2014-06-19,2014-10-20
vilvi,2011-05-11,2013-04-07
fieva,2012-12-11,2015-01-21
giave,1999-10-27,2014-10-16
fieve,1997-10-17,2014-10-17
giava,2000-02-07,2013-10-21
iigvn,2013-11-13,2014-09-18
pipva,2005-02-14,2014-02-15
ciyvn,2012-12-18,2013-10-18
fiivs,2014-08-09,2014-08-09
fiivr,2014-02-08,2015-02-09
fitvs,2012-03-16,2014-03-17
fiivo,2014-05-05,2014-05-05
fiive,2005-08-27,2014-09-22
fiivc,2014-05-18,2014-05-18
gimvo,2012-12-22,2015-02-03
fiiva,2014-04-20,2014-04-20
rinvi,2014-10-10,2014-12-21
rinvn,2009-04-02,2009-10-30
rinvo,2007-06-26,2014-12-01
rinva,2010-06-25,2014-07-08
wiave,2011-11-12,2015-01-05
wiavb,2008-08-08,2014-07-11
rinve,2008-10-22,2014-09-29
titvs,2014-01-30,2015-01-31
qitvs,2008-11-23,2012-10-09
wigva,2014-02-05,2015-02-06
dimvl,2015-01-23,2015-01-23
riavy,2010-02-21,2014-03-17
giwvy,2014-10-29,2014-11-01
wimvd,2005-11-23,2014-12-16
wimve,2013-12-03,2015-01-14
wimvi,2014-12-19,2014-12-19
ripva,2008-09-30,2014-09-17
wimvo,2011-01-23,2014-11-30
pipvm,2013-10-24,2014-10-25
wimvp,2014-07-12,2014-07-12
tirve,2011-09-05,2014-09-05
tirva,2010-04-10,2014-04-18
tirvo,2011-04-09,2014-10-14
pivvy,2010-10-08,2014-09-08
pirva,2010-06-10,2014-06-13
rihva,2003-11-10,2014-09-11
yigvz,2013-12-10,2014-12-02
tinvh,2014-10-25,2014-10-25
sidvp,2014-06-01,2014-06-26
tinvn,2005-12-29,2014-09-14
risvg,2013-03-21,2014-03-24
tinvl,2014-04-01,2014-04-01
miovo,2009-11-04,2014-10-14
tinva,2007-03-11,2010-06-21
tinve,2010-05-13,2014-05-14
risvi,2014-05-09,2014-05-09
tinvy,2008-02-27,2014-02-27
wivva,2013-03-13,2014-05-13
tinvp,2014-01-13,2015-01-13
iibva,2013-07-01,2013-07-01
tinvt,2013-12-23,2014-12-22
tinvu,2012-03-28,2014-09-04
wikvu,2014-10-29,2014-11-01
wikvv,2014-06-04,2014-07-03
eirva,2010-03-29,2014-03-30
eirvo,2011-02-11,2015-02-08
sidvi,2014-12-13,2014-12-13
eirvq,2014-08-01,2014-08-01
iiwvf,2014-03-02,2014-09-04
wikvi,2014-09-05,2014-09-05
vimvs,2014-02-28,2014-09-04
vimvr,2015-02-05,2015-02-05
nisvo,2014-06-30,2014-07-01
nisvn,2006-04-26,2014-03-24
vimvu,2010-11-05,2014-10-19
nisve,2014-11-15,2014-11-15
wivvi,2012-02-29,2015-02-13
nisvg,2014-10-29,2014-10-29
nisva,1999-05-25,2010-05-18
nisvc,2014-07-24,2014-07-24
hiyvr,2002-09-13,2014-07-02
sidvc,2010-03-03,2013-12-16
vimva,2011-05-09,2014-05-10
qiuve,2014-03-17,2014-03-17
qisvq,2015-01-09,2015-01-09
hiyve,2014-12-10,2014-12-10
vimvi,2010-03-19,2014-08-21
vimvh,2014-03-09,2014-09-04
vimvo,2011-12-23,2014-12-24
qiuvo,2007-03-23,2013-03-21
ritvc,2013-06-13,2013-06-13
mivva,2012-11-01,2015-01-23
ritva,1999-07-20,2014-07-27
visva,2002-03-09,2014-03-07
visvb,2014-02-16,2014-04-07
ritvj,2014-03-25,2014-03-25
mivvi,2010-02-28,2014-03-21
ritvi,2012-10-24,2014-10-25
mivvo,2011-03-03,2014-04-17
ritvo,1997-04-24,2014-04-21
visvu,2010-10-18,2014-10-19
viqva,2013-12-16,2015-01-28
visvr,2013-10-27,2014-10-27
mivvy,2006-01-28,2015-01-29
visvy,2014-01-25,2015-01-17
sijvo,2007-05-10,2014-04-19
nicvs,2007-02-27,2011-01-27
tixvo,2014-12-09,2014-12-09
tixvh,2013-10-23,2014-10-30
tixvi,2014-08-17,2014-10-01
nicvo,2013-08-16,2014-08-17
diovo,2007-10-16,2014-10-16
miovp,2013-04-15,2014-01-15
uitvs,2009-06-19,2014-06-23
viave,2004-11-22,2014-11-23
viavc,2014-05-15,2014-08-05
viava,2013-08-23,2014-07-26
viavo,2002-11-26,2015-01-22
viavm,2010-11-27,2013-11-20
viavl,2014-02-24,2014-09-04
viavi,2004-04-23,2013-07-07
nicve,2009-01-05,2015-01-26
viavu,2010-01-07,2014-12-20
viavt,2009-02-25,2014-02-26
viavs,2013-04-24,2013-08-09
diovi,2006-12-06,2014-10-07
viavp,2005-09-12,2014-05-19
viavy,2013-04-20,2014-05-25
vicvu,2013-12-06,2014-11-08
uitvi,2014-10-03,2014-10-03
jieve,2014-06-04,2014-06-04
jievd,2012-10-27,2014-10-17
jieva,2012-12-08,2014-12-09
wiove,2014-04-17,2015-01-10
jievo,2010-07-29,2014-08-04
nicva,2011-08-22,2014-08-23
vidvi,2005-02-23,2013-08-12
mifva,2013-06-25,2014-06-29
vicva,2014-10-12,2014-10-16
jievr,2014-04-24,2014-06-10
vicvc,2014-02-12,2014-02-12
vicvm,2011-03-30,2014-03-31
vicvo,2012-12-18,2014-12-09
vicvn,2005-08-15,2014-08-05
rizvn,2010-01-18,2015-01-05
vicvj,2014-07-03,2014-07-03
mixve,2012-11-17,2014-11-18
mixvb,2014-03-18,2014-03-18
mixvm,2014-04-21,2014-12-02
mixvo,2012-11-08,2014-11-06
mixvn,2013-07-06,2014-07-07
mixvi,2009-11-25,2014-10-30
mizvy,2013-03-28,2013-03-28
mixvj,2012-12-08,2014-09-22
mixvu,2013-05-03,2014-06-12
hiwvx,2014-08-09,2014-08-09
jigva,2014-03-07,2014-09-04
mixvp,2013-05-28,2014-05-13
mizva,2011-07-12,2014-06-27
mixvr,2014-12-14,2014-12-14
jigvi,2014-12-25,2015-01-02
gifvu,2015-02-04,2015-02-04
wilva,2007-07-15,2014-07-15
qiyvn,2014-04-05,2014-04-05
gifvv,2014-03-30,2014-03-30
gifvs,2013-07-01,2013-07-01
sigvu,2012-02-05,2014-02-06
sigvn,2013-10-01,2014-10-01
sigvi,2014-03-31,2014-03-31
sigve,1998-12-09,2014-09-15
sigva,2005-10-18,2014-10-01
sigvc,2011-12-06,2012-11-06
nigva,2014-09-05,2014-09-05
simve,2012-03-02,2012-03-02
sikvt,2014-01-22,2014-12-24
sikvw,2014-08-17,2014-08-17
simvn,2012-07-14,2014-07-15
simvo,1999-12-08,2015-02-14
simvl,2006-01-13,2015-01-11
simvi,2005-11-29,2013-12-17
sikva,2009-11-10,2014-11-20
sikvb,2014-06-20,2014-06-21
filvu,2015-01-29,2015-01-29
simvr,2003-11-27,2015-01-08
xinvi,2011-12-29,2014-12-30
simvz,2014-07-15,2014-07-15
zifvu,2014-03-24,2014-09-04
sikvo,2013-04-18,2013-04-18
sitvr,2004-08-10,2014-05-29
zilvr,2006-10-25,2014-08-18
zilvy,2011-06-18,2014-10-07
vilve,2011-06-06,2014-11-06
zilve,2009-12-25,2014-12-26
zilvi,2012-11-14,2014-11-13
zilvo,2013-02-02,2015-02-03
yinvo,2010-11-09,2014-11-12
vilva,1999-12-07,2014-12-01
yiivn,2011-03-29,2014-04-04
zipvn,2015-02-08,2015-02-08
zipvo,2007-01-15,2014-12-17
xivve,2014-04-28,2014-04-28
nipvi,2014-04-11,2014-07-18
xicvc,2014-03-08,2014-09-04
wirvh,2014-10-11,2014-10-11
zipvb,2014-01-17,2014-03-14
zipva,1999-03-12,2014-03-08
zivvi,,
zipvz,2014-07-14,2014-07-31
zivvo,2009-03-07,2013-03-04
zivva,2003-05-15,2014-04-22
zipvt,2000-10-30,2014-06-17
nipvm,2012-11-01,2014-11-01
zipvr,2014-11-22,2014-11-22
zivve,2008-08-23,2014-12-21
siavi,2005-02-21,2014-08-13
siavo,2007-05-16,2014-02-26
vipvk,2014-03-07,2014-03-07
siavb,2000-04-27,2014-05-05
siava,2004-06-11,2014-06-02
xiavy,2009-09-22,2013-08-23
siavg,2014-11-25,2014-11-25
siave,2014-06-29,2014-07-03
xiave,2014-04-16,2014-04-16
xiava,2010-07-17,2014-07-08
siavr,2015-01-22,2015-01-22
siavs,2010-11-29,2014-11-20
xiavo,2015-01-15,2015-01-15
xiavi,2012-05-25,2014-03-17
nivva,2009-11-28,2014-12-10
xievh,2014-06-26,2014-06-27
xieva,2014-09-17,2014-09-17
xievz,2012-04-01,2013-01-31
xievu,2014-03-06,2014-09-04
qikvo,2014-01-12,2015-01-13
vipva,1999-05-27,2013-03-04
xiavv,2015-01-28,2015-02-01
vipvf,2014-06-11,2014-06-11
vipvo,2013-03-21,2015-01-29
nivvi,2010-03-03,2014-03-21
cirva,2008-01-24,2015-02-06
vipve,2013-11-04,2014-08-19
yinvu,2006-11-16,2014-11-17
vipvz,2014-01-13,2015-01-25
minvi,2009-08-27,2014-09-08
minvo,2004-05-15,2014-04-23
minvc,2014-07-19,2014-07-19
minva,2009-02-12,2015-02-13
minve,2013-10-21,2014-12-10
minvy,2007-12-01,2014-07-14
minvx,2013-12-02,2014-10-20
minvs,2001-02-06,2013-10-18
piiva,2013-10-31,2014-11-01
minvp,2014-01-18,2014-12-20
minvw,2011-05-06,2014-05-07
minvu,2000-12-12,2014-11-11
minvt,2006-08-16,2013-01-24
oilve,2011-08-01,2014-07-13
oilvc,2009-02-12,2013-02-07
mibvi,2012-05-17,2012-05-17
oilvo,2007-01-04,2015-01-26
oilvu,2012-01-06,2015-01-06
siqvi,2015-02-09,2015-02-09
oilvs,2006-06-05,2014-05-31
siqvb,2014-07-10,2014-07-24
piivo,2009-05-25,2013-04-23
qiavq,2014-02-26,2014-09-04
oinvs,2011-11-23,2014-11-24
vipvw,2014-12-17,2014-12-17
oinve,2014-12-08,2014-12-08
qiave,2013-01-21,2015-01-06
miwvx,2014-08-15,2014-12-03
qiavo,2013-09-28,2014-09-14
siwvp,2014-12-31,2014-12-31
hiivl,2014-11-11,2014-11-11
hiivo,2014-12-05,2014-12-05
hiivi,2014-06-04,2014-06-04
cirvs,2013-12-03,2014-11-03
hiive,2002-11-28,2013-10-04
hiivd,2015-01-07,2015-01-23
hiivf,2014-05-30,2014-05-30
hikvs,2013-01-21,2015-01-22
jisvv,2007-10-11,2014-08-26
hikvm,2011-05-11,2014-05-10
hiivy,2014-02-07,2015-02-08
hikvi,2012-05-10,2014-05-07
hikvh,2014-05-05,2014-12-25
jisva,2011-07-04,2014-06-13
pigvj,2008-12-27,2014-11-27
jisve,2014-03-05,2014-09-04
iiovo,2006-11-17,2014-11-26
hiivs,2012-08-29,2014-08-30
jisvf,2014-04-07,2014-05-30
iiivd,2014-03-05,2014-03-05
iiive,2013-07-17,2014-07-10
iiivf,2014-05-29,2014-05-29
iiiva,2014-08-11,2014-08-11
iiivc,2014-08-05,2014-08-05
iiivn,2014-07-02,2014-07-02
iiivo,2014-12-12,2014-12-12
iiivi,2013-04-10,2014-04-17
himvo,2013-11-28,2015-01-09
iiivt,2014-03-05,2014-03-05
himvp,2014-07-22,2015-02-04
iiivv,2006-11-24,2012-08-13
himvu,2010-03-14,2014-02-10
jiyvv,2014-06-28,2014-07-17
iiivs,2014-08-28,2014-08-28
iiivx,2013-11-26,2014-11-27
eilve,2014-10-18,2014-10-19
riovd,2012-01-04,2015-01-05
eilvm,2013-04-19,2014-05-07
ridvd,2007-04-08,2014-04-09
eilvz,2014-07-07,2014-07-07
ridvm,2009-05-21,2014-05-06
ribvo,2011-03-05,2014-05-10
vipvg,2013-05-13,2014-04-15
pikva,2006-08-17,2013-09-05
aiwvc,2006-11-22,2013-06-23
zivvy,2003-02-25,2015-01-27
pikvm,2015-02-12,2015-02-12
pikvt,2014-03-25,2014-05-28
eizvu,2014-09-03,2014-09-03
yiivi,2014-06-04,2014-06-04
piivu,2013-10-27,2014-10-24
jiivy,2011-08-26,2014-10-08
eixvp,2014-06-03,2014-06-14
jiiva,2014-10-12,2015-02-11
eixvi,2014-07-31,2014-08-06
jiive,2006-08-31,2013-09-16
jiivi,2011-03-05,2014-12-07
jiivo,2014-03-17,2014-03-17
vidvs,2012-01-09,2015-01-08
jiuvv,2015-01-02,2015-02-03
viova,2009-09-29,2014-11-03
pimvo,2014-12-13,2014-12-13
pimvn,2014-06-17,2014-06-17
pimva,2014-04-26,2014-04-26
jiuva,2014-12-07,2014-12-07
jiwvr,2013-12-23,2015-02-04
jiuvo,2013-09-26,2014-11-07
pimvu,2008-07-30,2014-12-31
eikvh,2002-03-01,2013-02-04
jiuvi,2014-07-24,2014-07-24
sifvi,2013-11-18,2013-11-18
iicvt,2012-07-12,2014-07-14
iicvn,2012-08-14,2014-08-27
iicvj,2014-08-16,2014-08-18
iicvi,2014-07-16,2014-10-25
iicve,2011-11-11,2014-11-12
liuve,2005-12-11,2015-01-05
tipvp,2014-09-03,2014-09-03
tipvr,2014-08-21,2014-08-21
xiuvi,2014-08-05,2014-08-05
tipva,2014-04-05,2014-10-19
tipvc,2014-11-17,2014-11-17
tipvn,2011-03-17,2011-03-18
tipvo,2014-09-10,2014-09-10
tilvi,2008-02-05,2015-02-04
tilvm,2014-02-21,2014-09-04
tilvn,2015-01-19,2015-01-19
tilvo,2005-11-21,2014-11-20
bizvu,2009-09-24,2015-02-05
bizvv,2005-07-26,2014-07-11
liuvb,2014-12-05,2014-12-05
bizvp,2005-10-24,2014-09-26
tilve,2005-07-27,2010-05-28
bizvr,2009-06-17,2013-07-29
bizvs,2003-03-12,2014-03-13
bizvn,2012-10-07,2014-10-08
bizvo,2005-01-20,2015-01-23
bizvi,2005-04-10,2014-04-07
bizve,2014-01-13,2015-01-13
bizvg,2009-01-06,2015-01-07
bizva,2009-09-14,2014-10-22
bizvc,2013-10-22,2014-09-05
iisvm,2014-12-16,2014-12-16
bivvv,2014-11-26,2014-11-26
bipvn,2013-04-06,2014-04-07
bivvy,2003-03-31,2014-06-16
iisvc,2012-02-23,2014-02-24
iisva,2015-01-04,2015-01-04
bipvv,2008-10-21,2014-10-05
bivva,2008-08-27,2014-08-28
bipvt,2008-01-30,2015-01-09
iiuvo,2014-02-20,2014-02-20
bivvi,2014-05-05,2014-05-05
bivvj,2014-07-29,2014-07-30
iisvr,1998-01-21,2014-08-31
iisvp,2014-03-29,2014-03-29
bivvo,2003-12-02,2014-11-07
eivvl,2014-11-14,2014-11-14
eivvz,2014-06-19,2014-07-05
tifva,2011-04-02,2014-04-03
tifvi,2011-10-21,2014-10-17
mitva,2004-03-11,2014-11-13
mitvc,2012-09-26,2012-09-26
mitve,2013-10-03,2014-09-24
bijvd,2014-09-24,2014-09-24
mitvl,2012-06-19,2014-12-04
mitvo,2011-03-05,2014-05-10
mitvn,2006-12-21,2007-02-20
mitvs,2014-04-25,2014-04-25
mitvt,2014-07-13,2014-07-13
tizvo,2013-12-13,2013-12-13
diavv,2013-11-04,2014-10-06
nitvo,2010-03-06,2014-03-18
tizvi,2010-01-09,2015-01-27
fisvi,1998-04-27,2014-04-27
winvn,2000-12-10,2014-06-16
oizvh,2014-06-02,2014-06-14
viuvi,2009-05-27,2013-05-28
viuvo,2011-09-05,2014-09-06
oizvl,2014-03-01,2014-09-04
viuva,2005-08-24,2014-08-16
viuve,2013-08-28,2014-10-19
xiqve,2014-11-17,2014-11-17
oipvb,2013-12-25,2015-02-06
tivva,2010-05-25,2014-05-26
tivve,2014-12-14,2014-12-18
tivvi,2010-08-17,2014-08-21
oipvn,2015-01-14,2015-01-14
viyvo,2014-03-03,2014-03-04
xisve,2014-05-21,2014-05-21
xisvc,2014-11-07,2014-11-07
viyvi,2015-01-07,2015-01-07
tivvu,1999-09-06,2014-08-08
xisvo,2009-10-16,2015-01-31
viyve,2014-01-30,2015-01-25
tivvy,2009-07-24,2014-04-04
xisvi,2010-07-08,2014-07-09
midvs,2013-12-09,2014-11-23
midvr,2008-09-09,2014-09-09
vievo,2009-04-19,2014-04-14
midvt,2004-02-12,2015-02-13
liivo,2010-03-05,2014-04-01
vievc,2012-03-03,2014-02-16
vieva,2010-02-12,2015-02-13
midvz,2015-01-07,2015-01-07
vieve,1999-11-28,2014-10-02
midva,2002-02-22,2015-01-28
vievz,2009-02-23,2014-02-24
midvc,2014-07-30,2014-08-07
midve,2013-04-11,2013-04-11
midvd,2005-03-18,2014-03-19
midvi,2008-07-07,2014-07-16
vievr,2014-11-09,2014-11-09
midvm,2009-05-04,2014-05-04
vievv,2013-11-21,2014-11-19
midvo,2012-02-29,2014-03-01
viivo,2000-11-17,2012-08-02
jiavi,2010-06-04,2014-05-08
jiavo,2013-07-22,2014-07-12
viivi,2001-11-26,2014-11-18
viivh,2010-05-18,2014-05-19
jiavc,2014-08-01,2014-12-16
jiava,2004-01-05,2015-01-15
viivd,2015-01-02,2015-01-02
viivc,2012-02-14,2015-02-14
jiavf,2014-03-22,2015-02-11
jiave,2008-02-26,2015-02-13
viivy,2014-08-28,2014-08-28
qiive,2010-03-29,2014-03-20
viivv,2010-03-25,2014-03-26
viivu,2003-05-05,2014-04-24
viivs,2014-02-23,2014-02-23
jiavv,2011-12-22,2014-12-20
jiavu,2015-02-06,2015-02-06
uiuvi,2014-06-02,2014-07-04
jimvo,2013-03-14,2014-10-05
jimvi,2014-02-20,2014-04-09
jimvh,2012-12-17,2015-01-27
jimva,2007-07-11,2013-06-10
vikvi,2014-11-18,2014-11-18
ziavu,2014-08-13,2014-11-05
vikvd,2013-06-03,2014-04-18
vikva,2014-10-22,2014-10-22
bilvy,2014-05-30,2014-05-30
viovu,2015-02-06,2015-02-06
xiivi,2012-11-26,2014-11-11
viovv,2014-01-05,2015-01-05
bilvs,2012-04-15,2013-11-02
mirvs,2007-11-28,2015-02-09
mirvr,2014-12-24,2014-12-24
bilvt,2014-12-24,2015-02-01
mirvo,2007-07-22,2014-07-03
mirvn,2008-12-12,2013-12-12
jiovo,2014-10-02,2014-10-02
bilvi,2008-04-28,2014-04-27
jiovi,2013-09-08,2014-08-24
jiovh,2014-03-06,2014-09-04
mirvi,2002-01-15,2015-01-12
tilva,2002-08-21,2012-07-30
jiove,2014-05-05,2014-05-05
mirve,2004-07-09,2014-05-21
bilva,2004-12-24,2014-12-25
jiova,2009-04-01,2014-04-18
viovl,2013-06-19,2015-02-09
bilvd,2014-05-09,2014-05-09
bilve,2012-05-08,2014-02-12
siove,2012-09-12,2014-09-14
siova,2007-10-11,2012-02-22
siovb,2003-10-22,2014-10-01
dinvr,2013-11-17,2014-09-19
siovo,2014-03-31,2014-03-31
dinvw,2001-03-01,2015-02-02
dinvi,2009-12-03,2014-12-04
dinvo,2013-06-18,2015-01-02
dinvb,2014-09-01,2014-09-01
dinva,2007-01-31,2015-02-01
ziava,2005-05-05,2014-05-23
dinve,2013-10-18,2014-10-17
ziavi,2013-07-06,2014-12-19
dihva,2013-06-18,2014-07-27
tinvo,2011-12-24,2015-01-28
qiivr,2014-03-05,2014-09-04
milvi,2010-03-20,2014-04-01
niavi,2014-01-28,2015-01-29
niavh,2014-05-18,2014-05-18
yicvs,,
milve,2002-01-15,2014-11-04
qievm,2014-04-03,2014-05-30
uiove,2013-12-21,2015-01-28
wisvr,2008-10-03,2014-10-04
uiovn,2013-01-06,2015-01-07
sicvi,2005-11-23,2014-11-22
gitve,2014-12-30,2014-12-30
gitvc,2008-02-07,2015-01-29
gitva,2013-02-11,2015-02-12
sicvo,,
gitvn,2012-09-21,2014-11-01
oibvz,2014-08-27,2014-08-27
sicve,2002-01-23,2013-01-25
gitvi,2013-08-23,2014-08-04
gitvu,2015-02-06,2015-02-06
sicvs,2012-05-19,2014-05-12
xigvw,2014-06-14,2014-06-14
vifvf,2013-01-27,2015-01-28
givvu,2010-01-16,2015-01-17
givvt,2014-12-04,2014-12-04
givvv,2014-11-12,2014-12-08
givvs,2010-04-18,2014-03-20
givvr,2013-03-17,2014-11-17
sievw,2014-03-14,2014-03-14
givvy,2007-08-16,2014-08-12
sievs,2014-10-23,2014-10-23
givve,2006-12-07,2014-04-17
sievo,2003-12-05,2014-11-10
givva,2009-07-19,2014-07-16
sievh,2014-09-10,2014-09-10
sievi,2000-06-09,2014-04-07
givvm,2008-04-23,2013-04-16
givvo,2014-01-29,2015-01-28
sieve,2000-08-09,2014-08-10
givvi,2007-04-10,2014-04-11
niavu,2013-01-19,2015-02-13
sieva,2000-11-08,2014-11-09
girvi,2001-12-09,2015-01-09
tijvn,2013-02-27,2014-03-08
siivv,2001-06-06,2014-03-26
girvo,2010-04-26,2014-05-05
siivu,2013-10-15,2014-10-07
girva,2009-03-13,2014-02-18
siivy,2014-02-03,2015-02-04
girve,2013-09-23,2015-02-11
siivb,2013-09-20,2014-09-21
xiivo,2007-01-21,2015-01-22
siiva,2007-01-11,2014-12-30
siivf,2006-01-25,2015-01-21
siive,2011-08-01,2015-02-06
xiive,2011-01-31,2015-01-25
siivi,2007-11-07,2014-02-23
siivn,2014-03-08,2014-11-15
siivo,2008-03-17,2013-11-23
sinve,2014-07-05,2014-10-08
sisvp,2010-12-16,2014-12-16
visvn,2015-01-14,2015-01-14
sisvs,2008-10-13,2014-09-28
uicvv,2014-07-30,2014-11-08
sisvu,2013-12-31,2015-02-11
sisvw,2012-03-31,2012-03-31
sisvi,2007-02-06,2015-02-02
uicvn,2002-12-10,2013-02-25
sisvm,2014-02-18,2014-02-18
sisvn,2002-03-05,2014-03-06
sisvo,2014-09-15,2014-09-15
sisva,2007-04-09,2014-04-29
sisvc,2012-08-17,2014-07-19
sisvd,2013-12-11,2015-01-21
sisve,2005-04-14,2014-03-26
sisvf,2013-03-20,2013-03-20
sinvu,2014-12-20,2014-12-20
visvi,2014-07-02,2014-07-14
uieva,2008-09-17,2014-08-15
yiyvv,2013-12-03,2015-01-15
siyvs,2012-04-28,2014-05-05
uievs,2011-09-14,2014-07-31
oidvd,2015-02-05,2015-02-05
oidvr,2014-09-25,2014-10-22
ziave,2014-09-09,2014-09-09
sinvi,2009-12-16,2014-12-23
pisvr,2013-01-06,2014-11-02
piqvb,2014-12-14,2014-12-14
pisvf,2014-10-28,2014-10-28
pisvc,2013-02-02,2015-01-04
piuva,2009-12-10,2014-10-20
piuvl,2014-02-28,2015-01-03
jikvp,2014-07-05,2014-07-05
piovi,2011-03-04,2014-03-05
piovo,2014-09-21,2014-09-21
jikvw,2014-07-12,2014-08-05
piovc,2014-05-31,2014-10-04
piova,2005-02-24,2014-03-30
piove,2010-04-29,2014-04-16
piovy,2012-10-05,2014-10-04
jikvl,2014-09-30,2014-09-30
picvo,2012-10-10,2014-09-30
picvn,2011-04-27,2015-01-05
picvi,2008-04-28,2010-12-30
picve,2014-02-22,2014-12-22
picvc,2014-04-03,2014-08-19
picva,2012-02-06,2015-02-09
picvy,2013-04-01,2014-07-11
wiavo,2010-01-23,2015-01-12
picvu,2004-10-22,2012-08-21
picvs,2013-01-29,2015-01-30
eiavi,2010-07-06,2014-07-07
piavu,2013-12-19,2015-01-10
piavt,2012-01-04,2015-01-05
piavs,2012-05-23,2015-01-30
rivvi,2014-07-23,2014-12-02
piavo,2005-12-15,2014-12-16
piavi,2008-08-16,2014-09-14
piave,1998-04-02,2014-04-02
piavd,2014-05-04,2014-07-22
piava,2012-03-26,2014-10-26
piavb,2014-07-25,2014-07-25
pieva,2001-11-17,2014-10-02
pievc,2007-01-26,2014-10-30
pieve,1998-01-16,2014-12-30
pievl,2014-06-03,2014-07-07
pievo,2007-05-24,2014-05-25
bitvr,2014-08-17,2014-08-17
bitvs,2010-01-25,2015-01-22
bitvp,2014-01-21,2015-01-21
bitvv,,
bitvt,2013-12-16,2015-01-28
bitvu,2012-06-19,2014-06-18
bitvz,2014-12-13,2014-12-14
bitvx,2014-05-29,2014-12-23
bitvy,2007-04-03,2014-03-28
wixvn,2013-12-14,2015-01-25
bitvb,2014-07-05,2014-07-05
bitvc,2011-04-26,2014-09-05
bitva,2003-12-15,2014-09-22
bitvf,2014-09-05,2014-09-05
bitvg,2014-07-09,2014-07-09
bitvd,2014-11-08,2014-11-08
bitve,2013-06-04,2014-10-19
bitvk,2014-03-02,2014-05-24
wixvy,2014-09-27,2014-09-27
bitvi,2007-01-30,2015-01-22
bitvn,2006-12-30,2014-12-31
bitvo,2006-01-12,2015-01-13
bitvl,2014-01-30,2015-01-31
bitvm,2012-05-03,2013-10-19
birve,2012-12-28,2014-12-29
gihva,2002-02-26,2015-01-26
birva,1999-10-04,2014-08-28
rivvl,2014-12-14,2014-12-14
birvo,2011-06-18,2014-05-25
birvi,2014-03-05,2015-02-13
gihvs,2014-12-19,2014-12-19
gihvw,2014-01-26,2015-01-27
birvq,2014-09-12,2014-09-17
fipvs,2009-06-21,2014-05-27
ziuvx,2014-06-11,2014-07-13
dixvy,2014-12-12,2014-12-12
xiovr,2014-04-28,2014-04-28
sinvs,2013-03-01,2013-03-01
ziwva,2014-02-27,2014-07-31
dixvi,2012-01-15,2014-12-04
dixvc,2013-12-25,2015-02-06
dirve,2004-05-04,2013-07-28
ditvt,2014-12-20,2014-12-20
dirvc,2014-07-28,2014-07-28
dirva,2000-10-20,2014-08-13
dirvn,2014-06-03,2014-06-30
dirvo,2010-01-24,2014-12-22
dirvk,2014-11-06,2014-11-06
dirvi,2004-08-31,2014-08-02
ditva,2013-07-31,2014-07-22
dirvu,2010-01-23,2015-01-25
ditve,2006-11-08,2012-10-30
ditvi,2012-08-20,2014-06-13
ditvl,2013-08-12,2014-12-01
xiovy,2012-03-16,2014-03-07
ditvn,2014-07-29,2014-08-07
oivvo,2014-10-29,2014-11-01
oivvk,2014-06-01,2015-02-09
riavd,2012-01-04,2015-01-05
riavi,2011-12-06,2014-12-30
riavo,2004-04-20,2014-04-22
aipvt,2010-12-21,2014-12-22
wihvc,2011-07-14,2014-07-15
riavt,2012-01-04,2015-01-05
oitvf,2014-03-05,2014-09-04
oitve,2015-02-09,2015-02-09
ximvm,2011-10-20,2014-10-21
oitvb,2009-12-19,2014-11-18
witvs,2014-09-24,2014-09-24
pixvn,2014-06-13,2014-07-14
wivvo,2011-04-01,2014-02-28
oirvm,2011-12-24,2014-12-25
xiova,2009-05-29,2014-05-30
sinvo,2003-08-07,2014-06-18
witvc,2013-12-01,2014-12-02
bibva,2014-12-04,2014-12-04
witva,2006-06-13,2014-06-10
pixva,2010-01-18,2014-01-13
witvo,2011-08-14,2014-09-03
witvn,2013-08-16,2013-09-06
bibvn,2014-04-08,2014-04-08
wivvy,2011-09-11,2014-09-12
bibvi,2014-07-18,2014-07-18
witvi,2014-03-26,2014-03-26
gifve,2013-09-14,2014-09-23
didva,2011-12-27,2014-11-28
didve,2006-10-28,2014-10-20
simvu,2009-12-09,2014-12-09
gifvl,2014-10-11,2014-10-11
gifvn,2008-09-11,2014-08-03
didvp,2008-01-23,2015-01-24
gifvt,2014-10-27,2014-11-13
fivvo,2012-10-06,2014-10-07
gidva,2014-12-17,2014-12-21
gifvr,2013-08-08,2014-07-17
gifvy,2014-10-10,2014-10-10
xiovi,2014-12-08,2014-12-08
fivvi,2014-09-21,2014-09-21
dibvr,2014-05-13,2014-05-13
qipvg,2014-03-06,2014-09-04
xiyve,2014-03-07,2014-03-07
wirvs,2012-08-08,2014-08-06
bixvn,2014-10-29,2014-10-29
bixvo,2013-12-25,2015-02-06
xiovm,2014-08-02,2014-10-20
wirvo,2014-11-07,2014-11-07
wirva,2013-07-21,2015-01-06
dibvm,2014-11-14,2014-11-15
wirve,2010-11-09,2014-12-21
bixva,2013-08-27,2014-06-30
widvf,2013-10-10,2014-10-17
widva,2013-08-25,2014-08-10
tivvc,2014-04-16,2014-04-16
riqvy,,
widvi,2014-12-09,2014-12-09
widvs,2007-08-29,2013-08-18
widvr,2011-12-10,2014-12-11
riove,2013-01-01,2015-01-02
qipvq,2014-03-01,2014-09-04
pixvs,2008-10-02,2014-11-14
riova,2000-04-06,2012-04-22
rimvr,2015-01-29,2015-01-29
rimvq,2013-11-30,2015-02-11
riovo,2006-05-10,2014-04-23
riovi,2002-08-26,2014-04-25
riovh,2010-09-24,2014-08-24
riovt,2012-01-04,2015-01-05
rimvb,2014-07-05,2014-07-05
rimva,2005-09-12,2014-08-11
riovr,2010-09-28,2014-08-24
rimvo,2009-08-18,2013-08-22
riovx,2013-12-26,2015-02-07
rimvi,2012-11-29,2014-12-09
binvy,2014-03-09,2014-09-04
bihvi,2014-06-02,2014-10-02
wibvb,2014-07-07,2015-02-11
tivvo,2005-10-18,2015-01-30
binvi,2002-06-06,2014-06-07
binvl,2014-05-23,2014-12-29
binvn,2014-05-14,2014-05-29
binvo,2007-01-02,2015-01-03
binva,2014-06-23,2014-06-23
binvc,2014-12-20,2015-01-01
binve,2014-08-29,2014-08-29
binvg,2012-12-21,2014-11-24
bidvb,2011-11-04,2014-06-17
bidva,2009-08-28,2014-09-23
bidvd,1999-02-01,2015-02-02
bidve,2007-07-30,2014-07-31
bidvi,2014-08-20,2014-08-20
bidvn,2014-04-22,2014-04-26
bidvo,2010-12-26,2014-12-22
bidvm,2010-12-15,2015-01-25
bidvr,2009-03-26,2015-02-13
bidvs,2010-02-25,2015-02-03
fivvr,2009-12-08,2014-12-09
bidvu,2009-08-09,2014-09-04
bidvy,2011-02-05,2015-02-06
rikvd,2012-03-28,2012-03-29
difva,2014-09-26,2014-09-26
difvf,2006-09-29,2014-08-25
iipva,2006-05-25,2012-09-15
nijvo,2013-06-06,2014-05-08
difvp,2014-06-03,2014-06-30
yimvc,2014-10-25,2015-02-02
yiwvq,2014-03-07,2014-09-04
viyvr,2014-07-25,2014-07-25
iidvd,2015-01-02,2015-01-04
iidvg,2014-06-26,2014-07-17
iidvr,2011-09-02,2014-09-03
iifvm,2014-01-22,2014-02-20
zicvn,2009-05-18,2014-07-27
ziiva,2001-01-10,2015-01-11
nievu,2011-11-24,2014-12-05
ziive,2015-02-14,2015-02-14
timvk,2013-01-16,2014-11-27
ziivi,2013-06-12,2014-06-13
gipvf,2014-08-19,2014-08-19
ziivv,2013-11-12,2014-11-12
gipvs,2011-07-08,2014-05-12
ziivy,2012-01-05,2014-11-03
uiwve,2014-07-12,2014-08-26
yidvu,2012-12-04,2014-11-03
iivvf,2013-09-21,2014-10-07
timvj,2014-04-23,2014-04-23
iivvo,2014-06-14,2014-08-17
iivvi,2007-01-02,2013-03-11
iivvv,2010-07-27,2014-12-01
iivvu,2014-02-27,2014-03-22
yidva,2013-02-20,2015-01-29
yidvh,2014-02-27,2014-09-04
iivvy,2010-08-16,2014-08-15
iivvx,2013-02-04,2015-02-04
dilvy,2011-01-20,2015-02-04
timvu,2004-03-07,2012-02-13
dijvi,2014-07-03,2014-07-03
eitvn,2012-12-10,2014-12-11
iitvx,2014-05-22,2014-05-22
dilvi,2014-07-18,2014-11-05
dilvo,2014-02-04,2015-02-05
dilva,2006-05-30,2014-07-04
dijvu,2013-10-19,2014-10-03
dilve,2005-12-16,2014-12-17
qirvf,2014-02-26,2014-09-04
qirve,2011-03-12,2011-03-12
vievi,2004-02-06,2014-11-21
qirvv,2014-03-10,2014-09-04
uigvv,2014-12-07,2014-12-07
aiyvm,2014-02-15,2014-02-15
nievh,2012-10-17,2014-10-18
nievo,2008-04-12,2014-04-11
nievn,2014-06-10,2014-06-10
ziyve,2015-01-04,2015-01-04
aiyvu,2013-06-22,2014-05-28
zigve,2006-05-15,2014-04-22
zievu,2013-06-02,2014-06-03
zigva,2013-06-25,2013-06-25
zigvo,2014-09-09,2014-09-12
vivvo,2004-09-25,2015-01-21
zigvi,2014-03-14,2014-03-14
zigvu,2013-04-18,2014-03-20
zieve,2000-01-08,2013-01-14
zieva,2009-01-04,2015-01-05
zievo,2001-07-06,2014-05-22
zigvy,2014-02-10,2015-02-11
gigvr,2015-01-01,2015-01-01
uimvp,,
iitvr,2009-02-04,2015-02-05
vievy,2012-06-22,2014-06-17
timvp,1998-07-17,2014-06-17
dijve,2015-01-19,2015-01-25
qibvz,2014-07-08,2014-07-17
vievs,2009-01-08,2015-01-09
nirvs,2014-05-28,2014-05-28
nitva,2014-04-01,2014-04-01
nitvn,2014-07-22,2014-07-22
vievu,2007-08-14,2014-08-15
nirvy,2006-01-26,2015-01-05
nirvz,2012-09-18,2014-09-27
giovy,2007-03-05,2015-02-04
nitvj,2001-02-18,2014-02-05
iitvb,2014-12-08,2015-02-13
kievh,2014-03-29,2014-04-01
nitvi,2013-07-18,2014-07-08
iitvn,2010-06-22,2014-08-07
nirva,1999-04-30,2014-05-01
kievu,2003-02-19,2014-03-03
viive,2011-02-26,2014-03-03
nirve,1999-03-24,2014-01-28
qinve,2012-12-27,2014-12-01
qinva,2014-05-19,2014-05-19
lipvt,2010-12-13,2014-12-15
giavi,2000-05-07,2014-05-07
qinvt,2014-07-08,2014-07-08
lipvi,2014-09-19,2014-09-26
qidvd,2013-05-06,2014-06-27
sinvr,2013-10-21,2014-10-21
lipvc,2014-04-20,2014-08-05
qilvu,2014-09-13,2014-09-13
lizvg,2008-10-25,2014-10-26
qilvv,2013-03-19,2013-04-12
qilvp,2012-07-10,2014-06-19
qilvs,2014-06-30,2014-06-30
lizva,2011-03-31,2015-01-09
lizvo,2007-01-11,2014-10-06
qilve,2014-03-16,2014-03-19
qilva,2012-07-10,2014-06-19
qilvc,2012-07-10,2014-06-19
nirvo,2014-04-08,2014-04-16
viovo,2006-03-27,2014-08-11
lilva,2014-04-20,2014-04-20
lilvb,2013-12-06,2014-12-04
lilve,2008-01-15,2015-02-12
lilvi,2014-03-23,2014-03-23
yipvu,2013-10-18,2014-10-16
lilvo,2014-04-23,2014-04-27
pinvv,2010-09-10,2014-08-06
lilvs,2014-08-07,2014-08-07
lilvu,2012-01-24,2015-01-25
dizvi,2014-02-23,2015-01-21
yipvc,2013-01-08,2014-11-03
divvr,2010-03-09,2014-06-19
divvs,2012-08-01,2013-07-25
divvv,,
divvu,2008-10-03,2013-12-19
yizvk,2014-07-18,2014-07-18
divvx,2002-01-23,2015-01-17
divvy,2003-08-22,2014-05-04
pinvs,,
divva,2001-08-02,2014-09-17
divvf,2014-07-20,2014-07-22
pinvp,2010-02-05,2015-02-06
divve,2012-12-24,2014-12-25
divvi,2007-05-14,2014-05-15
divvo,2005-12-15,2014-12-02
livvi,2013-02-21,2014-06-16
livvn,2011-03-17,2014-03-19
livvo,2012-05-01,2014-06-12
livvl,2015-01-25,2015-01-25
qivvy,2012-07-01,2014-05-30
dipvn,2011-12-30,2014-12-01
livva,2007-09-18,2014-09-19
livve,2000-11-28,2014-11-18
livvy,1999-03-24,2014-11-06
livvr,2013-12-05,2015-01-17
livvs,2010-12-09,2015-01-20
livvp,2014-08-07,2014-08-07
livvv,2015-01-01,2015-01-02
livvu,2014-05-15,2014-05-15
licvb,1997-01-17,2015-01-03
titva,2013-03-14,2015-02-12
ciavr,2015-02-09,2015-02-09
ciavs,2014-12-10,2014-12-14
ciavp,2014-08-04,2014-08-04
tiivu,2013-12-03,2015-01-14
ciavt,2012-06-12,2014-06-16
tievv,2014-06-09,2014-06-09
gizva,2014-10-22,2014-11-27
ciavi,2007-10-03,2014-10-04
ciavo,2004-06-25,2014-05-27
ciavl,2013-01-18,2014-07-02
tiiva,2010-04-04,2014-04-15
ciavc,2013-09-12,2014-08-21
ciava,2011-03-25,2014-11-05
gizvo,2014-03-01,2014-03-01
ciave,2010-05-23,2014-05-25
sipvc,2014-02-21,2014-02-21
sipvo,2011-12-27,2013-12-28
sipvm,2014-07-19,2014-07-19
ticvo,,
cigva,2014-03-25,2014-09-02
wipvk,2014-08-22,2014-08-24
sipvv,2011-02-20,2014-01-02
wipvm,2014-04-08,2014-04-08
titvi,2000-01-26,2014-12-28
sipvx,2010-04-28,2014-03-20
sirvu,2009-05-30,2014-05-26
yivvu,2015-02-10,2015-02-10
ninvg,2008-09-16,2014-08-21
sirvs,2009-03-23,2013-04-27
sirvr,2006-07-08,2014-06-16
yitvn,2005-04-26,2014-03-03
sirvy,2014-08-27,2014-08-27
yivvy,2013-01-28,2014-12-21
sirve,2000-02-22,2014-03-28
viovr,2014-10-11,2014-10-11
lifvn,2014-04-10,2014-04-10
yivva,2014-10-15,2014-10-15
yivvo,2015-01-09,2015-01-09
lifvc,2012-05-13,2015-01-23
sirvo,2001-12-12,2014-12-01
sirvi,2014-09-12,2014-09-12
lifve,2008-04-26,2014-04-27
sivvi,2013-08-15,2014-07-03
ginvo,2011-05-17,2014-05-06
ginvi,2006-01-02,2015-01-05
wizvd,2014-02-27,2014-12-27
gilvy,2005-11-29,2014-12-15
ginve,2011-02-20,2015-01-22
ginvd,2013-12-26,2015-02-06
ginva,2011-01-02,2014-12-30
sivvd,2012-04-13,2014-04-14
wizvo,2014-11-09,2014-12-02
wizvn,2013-10-22,2014-01-17
gilvo,2009-02-18,2013-01-03
wizvs,2010-06-26,2014-06-19
wizvr,2013-11-04,2014-11-05
ginvy,2010-04-14,2014-04-18
gilvi,1999-06-23,2014-06-13
ginvu,2000-02-26,2014-02-28
gilve,1999-04-30,2014-04-28
sivvr,2012-07-06,2014-07-02
ginvs,2014-12-05,2014-12-05
ginvr,2015-01-22,2015-01-22
aiovi,2013-08-07,2014-07-12
aiovn,2014-09-05,2014-09-05
aiovo,2013-05-21,2014-05-03
aiovm,2014-01-03,2015-02-10
aiovc,2010-05-15,2014-05-02
aiova,2012-08-19,2014-08-20
aiove,,
rinvp,2014-06-02,2014-10-16
mipvc,2012-08-30,2014-10-23
aiovt,2014-01-31,2014-12-31
tisvs,2005-11-10,2014-10-12
tisvr,2011-05-01,2014-05-13
wilvk,2014-04-03,2014-04-03
niiva,2001-12-17,2014-12-12
wilvi,2007-03-31,2014-04-01
riivs,2014-01-02,2015-01-03
riivr,2008-07-31,2014-08-01
wilve,2011-01-25,2015-01-19
riivu,2007-06-27,2014-06-28
rinvu,2015-02-08,2015-02-08
riivk,2014-12-11,2014-12-11
tisva,2012-04-20,2014-03-20
mirvl,2001-01-14,2015-01-14
riivo,2008-03-08,2012-06-16
tisvf,2014-07-31,2014-08-05
viove,2014-02-25,2014-02-25
riiva,2014-09-03,2014-11-19
wilvs,2015-02-03,2015-02-03
tisvn,2009-10-10,2013-10-15
riive,2007-03-01,2014-03-02
bilvo,2013-03-22,2015-02-12
timve,2010-02-25,2014-03-21
timvf,2013-06-17,2014-06-18
rigvi,2014-10-06,2014-10-06
aiivy,2014-01-20,2015-01-04
timvc,2013-03-15,2014-03-14
kisva,2011-12-02,2014-05-31
rigve,2014-07-08,2014-10-20
timvl,2013-04-15,2014-04-07
timvo,2003-02-25,2014-03-07
timvn,2013-10-14,2014-10-15
rigva,2009-03-18,2014-03-19
timvh,2013-08-19,2014-08-20
aiivr,2006-12-14,2014-12-15
aiivs,,
aiivl,2014-11-20,2014-11-20
viovi,2000-02-25,2014-02-22
timvw,2000-02-01,2015-02-03
aiivo,2013-12-03,2014-12-04
winvi,2004-02-28,2011-04-18
aiivi,2008-09-05,2014-09-07
timvs,2009-06-03,2014-07-29
timvr,2014-06-04,2014-07-03
tiovo,2010-11-18,2014-11-05
aiive,2015-02-04,2015-02-04
rieve,2002-10-18,2014-10-16
winva,2004-04-09,2014-02-08
aiiva,2007-12-03,2013-11-26
rieva,2005-09-27,2014-09-11
rigvr,2014-12-13,2014-12-13
aicvf,2014-10-28,2014-11-20
aievr,2015-01-16,2015-01-17
aievs,2014-08-02,2015-02-11
aicvb,2010-09-01,2014-11-04
aicvc,2013-12-15,2014-12-16
ricvg,2011-07-17,2013-10-18
niivv,2014-01-25,2015-01-29
aicvn,2007-02-07,2015-02-03
aicvv,2014-12-16,2014-12-16
aieva,2013-10-03,2013-10-03
aicvt,2014-10-30,2014-10-30
eihvm,2014-07-20,2014-07-22
ricvu,2014-03-12,2014-03-12
aieve,2007-08-21,2014-08-27
kisvi,2008-08-26,2014-06-24
wimvc,2014-07-30,2014-07-31
aievn,2013-02-04,2015-02-10
aievo,2012-08-10,2014-08-11
firvo,2012-04-30,2014-06-10
riuvf,2014-10-31,2014-11-01
riuvd,2014-03-05,2015-01-05
riuva,2006-02-23,2015-02-10
iixvi,2013-07-12,2013-09-17
aiuva,2014-07-08,2014-07-08
aiuvi,2015-01-06,2015-01-11
wimvu,2006-03-14,2015-01-28
aiuvo,2013-01-04,2015-01-05
aiuvs,2012-07-03,2014-07-03
aiuvv,2014-04-27,2014-04-27
aisvv,2013-07-01,2013-07-12
aisvs,2011-04-24,2013-04-25
risva,2006-08-02,2014-06-02
aisvg,1997-11-19,2014-02-25
iibvi,2014-09-05,2014-09-05
risve,2013-03-12,2014-06-25
aisvc,2014-09-24,2014-09-28
iibvm,2013-07-01,2013-07-01
aisva,2014-07-21,2014-08-14
aisvn,2013-05-17,2014-08-25
aisvo,2007-07-17,2013-10-21
aisvl,2014-03-13,2014-03-13
aisvm,2005-06-24,2014-06-25
aisvi,2013-04-24,2014-06-11
zikva,2013-05-31,2013-05-31
zikvi,2013-11-16,2014-11-15
fifvp,2014-06-17,2014-07-05
tinvi,2005-04-02,2014-04-07
fifve,2014-07-30,2014-07-30
fifvc,2005-03-16,2015-01-04
filve,2011-03-03,2014-11-06
filva,2003-01-15,2015-01-16
filvo,2009-05-26,2013-03-24
fijvc,2014-08-22,2014-08-28
kizva,2011-04-15,2014-04-15
filvz,2014-03-06,2014-07-28
filvy,2013-11-17,2014-12-18
iirvk,2014-10-22,2014-11-01
yinvn,2015-01-11,2015-01-11
iirvi,2014-05-03,2014-05-03
wiovm,2014-08-01,2014-08-01
iirvn,2014-02-24,2014-09-04
yinvi,2014-06-17,2014-06-17
yinva,2006-08-29,2014-10-18
yinvv,2011-12-28,2015-02-04
iirvq,2013-01-30,2015-02-07
sihvw,2014-06-28,2014-06-28
yilvw,2013-10-22,2014-12-30
yilvv,2014-03-14,2014-03-14
yilvh,2014-03-28,2014-04-28
yilve,2009-10-26,2014-10-16
bikvh,2014-06-29,2014-06-29
aiwva,2011-12-17,2014-12-15
aiwvd,2014-07-24,2014-07-25
fizvi,2014-10-02,2014-10-02
fizvo,2007-12-27,2015-02-07
aiwvr,2014-08-20,2014-09-01
sifva,2014-09-10,2014-09-10
bikvr,2014-07-22,2014-07-22
sifvg,2005-05-03,2014-04-03
silva,1995-05-14,2007-04-16
nidvm,2012-10-04,2014-12-05
silve,2005-09-17,2014-09-18
silvd,2004-04-29,2013-02-28
silvj,2014-04-28,2014-04-28
silvi,1997-11-06,2014-11-28
silvo,1996-10-12,2014-10-12
silvs,2003-06-26,2014-06-27
silvr,2000-04-13,2014-03-11
silvp,2015-02-01,2015-02-01
silvv,2014-01-03,2015-02-14
silvu,2009-03-06,2014-03-03
silvz,2014-06-30,2014-07-02
silvy,2002-11-09,2010-01-30
silvx,2012-03-10,2014-12-31
tiwvo,2008-04-22,2014-04-23
tiwvi,2014-10-29,2014-10-29
biavt,2007-08-30,2008-08-25
tiwva,2014-02-28,2014-09-04
biava,2003-12-01,2015-02-02
ziavo,2013-07-04,2014-12-19
biave,2009-03-30,2014-03-14
biavi,2000-10-17,2014-09-20
biavo,2006-07-22,2014-05-23
biavn,2014-02-15,2014-08-06
biavm,2013-01-19,2015-01-19
biavl,2013-10-19,2014-10-22
ziovo,2013-09-08,2014-10-28
ziovi,2014-12-06,2014-12-06
zimvy,2014-03-14,2014-03-14
zimvx,2014-11-26,2014-11-26
ziove,2013-11-26,2014-11-03
tiuvt,2014-09-18,2014-09-18
zimvu,2014-08-01,2014-08-09
ziova,2006-07-03,2014-08-13
zimvo,2014-08-20,2014-08-20
zimvi,2006-02-02,2013-04-09
tiuve,2014-09-06,2014-09-09
zimve,2012-03-02,2014-04-30
zimva,2013-09-08,2015-01-06
ciqva,2003-08-06,2014-06-07
yiava,2005-06-25,2014-08-28
qivva,2007-10-30,2014-10-25
uipvn,2011-07-11,2014-06-10
sibvf,2014-10-10,2014-10-10
bimva,2010-02-09,2015-02-10
sibvm,2015-01-01,2015-01-01
bimvn,2013-05-02,2014-04-14
sibvo,2012-11-01,2014-11-05
bimvi,2013-05-13,2014-05-14
ciwvn,2014-05-04,2014-05-04
fipvi,2013-07-26,2014-07-22
bimvs,2014-08-17,2014-09-03
bimvr,2009-03-11,2014-03-12
qivvi,2007-10-16,2014-10-08
bimvp,2005-09-19,2013-07-22
qitvw,2013-12-05,2015-01-15
bimvy,2010-09-10,2014-10-10
biovu,2003-05-05,2014-05-06
biovv,2014-02-03,2015-01-17
biovp,2008-06-09,2014-05-28
biovs,2003-11-26,2015-01-07
biovr,2013-10-18,2014-09-26
fivve,2013-04-13,2014-06-13
qipvk,2014-03-01,2014-10-28
biovy,2008-03-18,2014-03-18
fivva,2011-08-18,2014-08-19
biovz,2014-07-16,2014-10-20
biove,2013-09-23,2014-03-17
biovg,2011-07-04,2014-07-03
biova,2004-08-09,2013-08-05
fivvy,2009-04-06,2014-04-18
biovc,1998-12-17,2015-02-07
giivo,2014-03-17,2014-03-17
fivvu,2014-07-22,2014-07-22
biovo,2014-01-27,2014-07-19
biovn,2012-09-16,2014-09-17
biovi,1999-02-02,2015-02-03
biovk,2009-06-02,2014-11-19
biovj,2014-12-18,2014-12-18
giivm,2014-07-03,2014-10-20
aidva,2014-03-12,2015-01-04
yiova,2010-04-16,2014-04-09
lixvs,2005-10-07,2014-10-08
qijvt,2013-12-20,2015-02-02
qifvn,2014-04-03,2014-05-30
qifvh,2014-06-19,2014-07-17
kiovu,2010-10-02,2014-10-03
vicvi,2014-12-05,2014-12-29
kiovr,2014-03-25,2014-03-25
kiovn,2012-02-09,2015-02-09
kiovo,2009-07-11,2014-08-08
kiovi,2006-01-18,2010-12-28
kiove,2005-01-24,2015-01-19
kiova,2004-01-27,2015-01-28
kieve,1999-06-10,2014-05-17
kievb,2012-10-09,2014-10-10
kievc,2014-11-27,2015-01-11
kieva,2000-01-31,2015-02-01
kievn,2014-04-17,2015-02-11
kievo,2010-08-15,2014-09-14
kievl,2010-06-10,2013-05-13
kievj,2011-03-29,2014-03-11
cikvn,2014-06-11,2014-06-11
kievi,2012-08-26,2014-08-27
kievv,2010-06-10,2013-05-13
kicva,2013-06-01,2014-05-31
kicvc,2013-12-23,2015-02-04
kievs,2012-01-16,2014-12-26
kievp,2010-03-04,2015-02-03
giovi,1998-12-30,2014-10-26
nirvi,2001-07-29,2014-06-30
qidva,2011-07-03,2014-06-03
kicvm,2014-07-10,2014-10-20
kicvo,2013-04-08,2014-01-19
aifvb,2006-01-20,2014-11-21
cimva,2007-10-18,2014-10-03
cimvn,2013-09-21,2014-09-30
cimvo,2012-05-10,2014-05-04
cimvl,2014-02-28,2014-02-28
aidvr,2008-05-30,2013-12-02
cimvi,2000-06-07,2014-10-13
ninvo,2012-12-02,2014-11-05
yixve,,
ninvi,2014-11-01,2014-11-03
ninve,2003-06-11,2013-04-17
iinvt,2013-11-15,2014-11-17
ninva,2004-02-23,2015-01-08
iilvc,2009-11-11,2014-11-12
iinvo,2013-12-11,2014-12-15
lihve,2014-03-10,2015-02-08
lihva,2002-10-16,2014-10-19
iinvi,2014-02-13,2014-02-13
ninvu,2013-07-09,2014-07-10
ninvp,2013-10-31,2014-11-19
lihvi,2002-10-16,2014-10-19
ninvr,2014-09-09,2014-09-11
ninvs,2013-09-23,2014-10-06
litvi,2010-06-17,2014-06-25
kisvc,2004-01-28,2015-01-27
kisve,2009-06-01,2014-06-06
litvo,2008-05-16,2015-01-01
litva,2002-05-22,2014-04-05
litve,2009-12-04,2014-12-23
kisvn,2011-03-17,2014-04-28
litvg,2015-01-11,2015-01-11
kisvr,2008-03-19,2014-03-07
nibvs,2009-08-12,2014-08-11
kisvu,2013-04-11,2015-01-23
kiuvs,2014-05-31,2014-10-04
nidvx,2014-12-08,2015-02-13
lirvo,2010-11-03,2014-10-23
nidvd,2014-02-25,2014-03-01
lirvi,2014-06-01,2014-06-15
kiuvo,2008-01-16,2015-01-23
lirve,2014-01-31,2015-02-01
lirvc,2006-03-07,2014-03-03
kiuvh,2014-07-10,2014-07-23
lirva,2003-01-25,2014-12-18
kiivi,2003-03-09,2014-02-01
kiivo,2011-11-15,2014-11-03
kiiva,2010-01-31,2015-02-01
kiive,2014-01-17,2015-01-19
sitvc,2011-12-26,2014-06-21
nixvv,2014-07-15,2014-07-16
visvo,2005-10-10,2012-06-13
tiava,2003-02-14,2006-11-27
ciivc,2011-02-05,2015-02-05
tiavc,2014-09-12,2014-09-12
ciiva,2011-07-22,2014-04-21
tiave,2002-08-12,2014-07-31
ciive,2012-11-09,2013-09-12
tiavi,2004-02-11,2015-01-28
ritvn,2014-09-30,2014-09-30
ciivi,2014-07-10,2014-07-10
ciivo,2014-11-06,2014-11-06
tiavo,2001-12-07,2014-10-30
yihva,2014-06-18,2014-07-07
ciivs,2011-02-15,2015-01-08
tiavs,2012-12-27,2015-02-07
tiavt,2012-01-04,2015-01-16
yihvi,2013-12-12,2014-10-16
libvn,2011-12-22,2014-12-23
libvo,2008-01-11,2014-12-12
sitvi,2015-01-11,2015-01-16
sitvo,2012-10-03,2014-09-11
pifvp,2015-02-09,2015-02-09
qinvp,2015-02-05,2015-02-05
libvg,2014-05-28,2014-05-28
libve,2011-03-31,2014-05-08
libvc,2013-12-15,2015-01-25
libva,2009-12-08,2011-05-02
sitvz,2014-05-09,2014-05-09
sitvx,2014-05-19,2014-11-22
sitvs,2014-06-26,2014-06-26
lidva,2012-05-15,2014-08-04
lidvd,2011-04-08,2014-03-23
sitvt,2014-08-14,2014-08-14
sixvo,2012-02-25,2014-02-26
linvc,2014-02-16,2015-02-01
sixvm,2015-01-06,2015-01-10
linva,2009-10-16,2014-11-10
linve,2005-06-29,2014-06-08
sixve,2012-05-19,2014-04-15
linvi,2008-05-27,2014-05-27
linvo,2000-07-19,2014-05-26
linvm,2013-08-22,2014-07-27
linvs,2007-07-05,2014-06-30
linvp,2012-02-11,2015-02-11
linvv,2014-10-12,2014-10-12
linvu,2007-07-23,2014-10-03
linvx,2013-04-22,2014-05-30
linvy,2006-12-05,2014-12-05
sixvs,2010-04-07,2014-04-08
sixvr,2014-12-31,2014-12-31
xikvy,2013-12-18,2015-01-19
nihvy,2014-12-12,2014-12-12
nixvo,2014-08-27,2014-09-02
kiyva,2014-03-13,2014-03-13
sizva,2014-05-09,2014-07-09
vizve,2014-01-17,2015-01-17
nikva,2014-03-30,2014-04-03
tiqvz,2013-11-30,2015-02-11
vimvf,2014-02-28,2014-09-04
tiqvi,2014-07-29,2014-07-29
aikva,2008-11-03,2014-09-19
aigvs,2002-02-22,2014-01-22
aigvc,2009-03-13,2014-03-13
aigvl,2014-11-09,2014-11-09
aiave,2009-11-06,2014-11-07
tikvx,,
aiava,2005-01-12,2015-01-11
aiavb,2001-11-18,2010-11-19
tikvs,,
tikvr,,
aiavn,2012-10-12,2012-10-12
aiavo,2014-06-15,2014-06-15
aiavi,1997-10-20,2014-08-20
aiavk,2013-11-30,2015-02-11
aiavt,2010-12-03,2014-11-04
tikvj,2012-02-03,2015-01-29
tikvi,2013-04-16,2014-04-16
aiavp,2014-04-23,2015-01-18
aiavs,2012-02-08,2015-02-09
tikva,1999-01-31,2014-03-02
tikve,2003-08-19,2014-08-02
tievm,2014-08-16,2014-08-19
cievo,2010-02-20,2014-06-18
tievo,2005-05-13,2014-04-25
tievi,2010-03-30,2014-03-12
sicvn,2010-04-03,2014-04-26
cievi,2014-05-23,2014-11-11
tieve,2005-02-04,2015-02-05
tievd,2014-01-22,2014-02-08
cieve,2005-05-06,2014-07-17
cicvt,2014-12-28,2014-12-28
cicvv,2015-01-23,2015-01-31
cieva,1999-11-19,2014-11-20
cicvh,2013-05-27,2014-05-28
cicvj,2014-07-23,2014-10-20
tievy,2007-01-14,2012-01-03
sibvk,2008-06-04,2013-05-15
cicvn,2014-07-13,2014-08-19
tievz,2014-06-30,2014-07-23
cicva,2010-03-30,2011-03-29
cievu,2005-09-09,2014-08-11
tigvc,2012-07-12,2014-07-13
cicve,2014-08-01,2014-08-01
tigva,2005-07-20,2014-07-08
tievr,2014-03-05,2014-09-04
wiivv,2014-04-14,2015-02-06
sicvc,2014-07-17,2014-10-28
xilvu,2012-08-10,2012-08-10
sixvx,2014-11-19,2014-11-19
wixvt,2013-12-25,2015-02-06
sicvf,2014-12-13,2014-12-13
yirva,2014-06-11,2014-06-11
zijvu,2014-06-04,2014-07-03
xilvr,2014-02-24,2014-02-24
mirva,2012-10-23,2015-01-20
qinvo,2013-09-26,2013-09-26
wigvs,2007-06-07,2014-05-15
gigvo,2014-01-10,2015-01-11
xilvy,2014-03-06,2014-09-04
aimvi,2013-12-02,2014-03-18
aimvm,2013-08-11,2013-12-03
aimvn,2014-12-25,2014-12-25
aimva,1999-10-11,2014-11-24
aimvb,2010-08-12,2011-08-12
aimvc,2014-09-13,2014-12-29
xigvv,2014-08-18,2014-08-19
aimvx,2014-04-14,2014-04-14
wiive,2010-06-04,2014-05-29
aimvp,2014-10-03,2014-10-03
aimvs,2014-04-28,2014-08-13
aimvt,2004-04-26,2014-04-11
aimvu,2014-02-22,2014-02-22
xilva,2007-07-14,2013-09-22
finve,2006-12-12,2014-11-27
finva,2006-03-22,2014-02-14
finvn,2014-01-01,2014-03-13
finvo,2007-04-18,2014-04-11
finvi,2011-11-18,2013-09-23
finvk,2012-06-28,2014-02-11
finvu,2014-05-11,2014-05-11
finvr,2014-09-14,2014-12-08
wiivo,2006-04-29,2014-04-29
finvy,2013-09-23,2014-09-23
finvz,2009-09-02,2014-08-27
vigvi,2014-01-19,2014-12-25
sievx,2002-06-05,2013-06-01
hidvw,2009-09-11,2014-09-16
hidvr,2009-08-12,2015-01-20
hidvs,2014-04-21,2014-04-21
hidvi,2011-11-06,2014-10-03
hidvd,2004-04-17,2014-03-19
rirva,2003-08-06,2007-03-02
hinve,2014-11-05,2014-11-05
hinva,2012-10-26,2014-10-27
hinvo,2014-06-01,2014-06-05
diyvs,2010-11-29,2014-09-07
diyvr,2014-01-15,2015-01-15
diyvu,2010-07-31,2014-08-01
diyvt,2011-01-29,2013-12-15
diyvw,2013-01-13,2015-01-08
diyvv,2013-08-03,2014-08-10
diyvi,2014-07-11,2015-01-10
hihva,2014-04-10,2014-04-10
diyvm,2010-03-04,2014-02-21
diyvn,2012-06-04,2014-06-05
diyva,2011-03-30,2014-03-31
diyvc,2014-02-18,2014-03-11
diyve,2013-02-02,2015-02-03
disva,2004-08-20,2014-07-22
nihva,2012-04-10,2012-07-22
disvk,2012-03-16,2014-10-01
disvi,2005-01-22,2014-01-22
qilvr,2013-09-21,2015-02-09
disvo,2014-10-28,2014-10-28
disvn,2015-02-02,2015-02-02
disvs,2009-12-04,2014-11-30
disvr,2012-08-17,2014-11-05
disvu,2008-02-07,2015-01-05
disvy,2014-04-29,2015-02-12
hitvl,2013-12-18,2015-01-28
hitvm,2013-03-19,2013-12-20
hitvn,2011-08-26,2015-01-05
dimvv,2014-08-12,2015-01-09
bigvy,2015-02-03,2015-02-03
bigvx,2014-05-14,2014-05-14
hitvd,2014-03-13,2014-03-13
bigvt,2012-12-05,2014-12-06
bigvw,2013-01-23,2015-01-24
bigvv,2010-06-24,2013-06-24
hitva,2015-01-08,2015-01-23
hitvb,2008-08-03,2014-08-28
bigvr,2007-03-10,2013-03-11
bigvm,2009-12-04,2015-01-15
bigvl,2013-05-23,2014-04-29
dimvg,2001-09-04,2014-12-04
bigvn,2009-03-29,2015-02-09
eisvn,2007-08-29,2014-08-20
hitvy,2013-05-15,2013-05-15
bigvj,2011-12-07,2014-02-17
bigve,2010-06-12,2012-11-23
bigvd,2010-06-11,2011-06-01
bigvg,2011-09-14,2011-09-14
hitvp,2014-06-08,2014-08-06
sievd,2005-09-30,2014-09-27
bigvc,2009-11-17,2014-11-25
hitvs,2013-10-16,2014-11-25
diivi,2013-08-29,2013-08-29
fibvi,2014-05-07,2014-05-07
eisvo,2011-11-11,2014-11-24
diivl,2014-07-10,2014-07-13
diivo,2009-10-07,2014-10-01
aitvl,1997-06-12,2014-04-25
diiva,1998-04-02,2013-11-20
fibvc,2014-06-24,2014-10-08
hixvl,2014-07-02,2014-07-30
bicva,2011-06-07,2014-05-23
diivx,2003-01-07,2014-12-31
bicve,2014-07-18,2014-10-20
bicvi,2014-07-11,2014-07-12
diivs,2014-06-04,2014-07-03
bicvj,2014-09-05,2014-09-05
bicvl,2014-11-20,2014-11-20
bicvn,2014-10-31,2014-12-01
fidvx,2014-06-03,2014-06-30
xipvp,2013-05-27,2014-05-28
fidvl,2002-08-14,2013-07-13
fidvi,2011-09-26,2014-09-19
viavv,2010-08-29,2014-07-07
hibva,2014-01-13,2015-01-14
siivz,2014-08-22,2014-10-20
dicva,2014-03-26,2015-01-18
wiuvt,2014-02-27,2015-01-11
fihvi,2014-02-20,2014-02-20
dicvo,2014-12-23,2014-12-23
dicvn,2013-04-12,2014-04-12
viavr,2014-04-22,2014-11-21
uinvs,2014-09-19,2014-09-19
uinvv,2014-10-20,2014-10-20
nieva,1999-11-13,2014-10-15
uinvc,2008-09-02,2014-09-01
ciuvo,2010-06-21,2014-05-22
aipvr,2003-05-14,2014-06-30
ciuvh,2014-09-24,2014-09-24
ciuva,2006-06-14,2014-06-14
fitvn,2011-05-31,2012-05-04
fitvo,2011-03-05,2015-02-10
fitvm,2015-01-31,2015-02-05
uipvc,2014-11-18,2014-11-18
fitvi,2014-04-05,2014-04-27
firvr,2014-09-10,2014-09-10
fitve,2014-07-19,2014-07-19
fitvb,2013-02-03,2013-02-03
fitvc,2009-12-10,2010-04-01
fitva,2004-02-10,2015-02-11
firvi,2010-01-22,2014-11-23
fitvz,2012-12-21,2014-12-22
firvn,2005-11-17,2013-10-20
fitvy,2014-02-23,2015-01-28
firva,2004-09-18,2014-09-12
fitvt,2009-02-09,2014-01-15
fitvu,2013-08-20,2014-11-12
fitvr,2013-05-01,2014-04-24
firve,2007-07-01,2014-05-06
fixvc,2009-07-03,2014-07-04
biivi,2009-05-16,2014-05-16
fixva,2012-05-22,2014-05-23
biivo,2014-07-30,2014-08-01
sidvr,2005-08-05,2014-07-31
biiva,2015-01-14,2015-01-14
fixvi,2012-05-18,2014-08-11
fixvn,2008-10-02,2013-07-06
fixvo,2014-05-29,2014-06-09
biivy,2014-09-23,2015-01-22
sidvo,2014-09-03,2014-09-03
sidvn,2012-07-14,2014-07-17
biivs,2012-09-12,2013-09-03
sidva,2004-01-31,2014-12-15
fixvy,2012-05-18,2014-08-11
sidvd,2004-04-16,2014-03-25
bievo,2006-10-05,2014-08-20
diove,2010-03-08,2014-10-24
xiivf,2014-06-04,2014-07-03
vicvs,2014-01-28,2015-01-29
diova,2010-01-28,2015-01-29
hirvr,1999-12-30,2014-11-19
xiiva,2012-08-31,2014-08-31
bieve,2011-10-24,2014-10-22
bieva,2004-10-26,2014-08-09
sijvb,2013-10-21,2014-10-24
sihvo,2000-01-04,2014-12-06
hirvi,2000-01-04,2014-12-06
diovr,2014-06-09,2014-06-09
sihvi,2013-02-27,2014-02-27
uitvn,2014-11-01,2014-11-05
hirva,2009-03-17,2014-03-18
sihvc,2014-04-14,2014-04-30
sihva,2003-12-11,2014-03-31
hirve,2010-04-22,2013-03-24
kiavv,2014-09-11,2014-09-17
ficvs,2014-06-26,2014-06-26
kiavt,2006-02-07,2015-02-08
kiavu,2004-07-08,2014-06-12
vilvy,2012-07-30,2014-07-10
kiavb,2010-10-06,2014-10-18
kiava,2008-09-23,2014-10-18
nipvg,2014-04-15,2014-04-15
nipvd,2014-06-26,2014-06-27
kiave,2006-09-27,2014-11-08
vilvo,2005-02-04,2015-02-05
vilvl,2014-03-06,2014-09-04
kiavi,2007-09-03,2014-08-25
kiavn,2014-07-28,2014-07-28
kiavo,2007-11-06,2014-10-26
nipvl,2014-12-05,2014-12-18
jinve,2011-03-12,2014-03-03
vipvj,2013-08-15,2014-03-20
nivve,2009-03-27,2014-02-28
vipvh,2014-11-11,2014-11-11
vipvi,2007-02-01,2015-02-12
vipvn,2003-03-01,2015-02-13
kigva,2013-09-02,2014-09-03
vipvl,2015-02-14,2015-02-14
vipvm,2010-04-07,2014-04-02
vipvb,2014-08-21,2014-09-15
vipvc,2006-08-22,2014-05-06
nivvo,2006-06-28,2014-06-29
miwvj,2014-06-26,2014-10-08
kigvi,2013-12-26,2015-02-06
vipvd,2014-10-14,2014-10-14
miwvi,2014-06-25,2014-07-05
nivvt,2014-02-26,2014-09-04
vipvx,2014-01-11,2015-02-12
vipvy,2014-03-09,2014-03-09
nivvs,2008-03-26,2014-03-07
vipvr,2005-07-28,2014-07-19
vipvs,2012-05-16,2015-02-12
vipvp,2007-10-05,2014-10-06
vipvv,2004-08-11,2014-08-04
nivvy,2010-01-09,2015-01-14
miqvn,2012-10-26,2014-10-28
vipvu,2015-01-04,2015-01-04
ciovt,2014-03-07,2014-03-07
ciovu,1999-04-15,2014-04-16
ciovp,2010-10-15,2010-12-20
ciove,2001-02-17,2015-01-21
ciova,2013-04-16,2014-05-12
ciovb,2014-08-26,2014-09-09
ciovc,2014-08-04,2014-08-04
ciovn,2014-11-05,2014-11-09
ciovo,2012-02-25,2014-02-10
ciovi,2014-07-11,2014-07-11
ciovj,2014-08-24,2014-09-09
cisvi,2011-11-15,2014-10-08
cisvn,2004-06-18,2014-06-19
cisvo,2004-02-21,2014-04-04
cisva,1999-02-24,2014-12-26
cisvb,2008-03-21,2014-03-05
cisvc,2005-12-29,2014-11-30
cisve,2013-09-11,2014-10-14
wizvg,2014-04-03,2014-04-08
cisvp,2008-02-17,2015-01-19
cisvr,2014-08-19,2014-08-19
cisvt,2015-01-15,2015-01-15
cisvu,2008-05-07,2013-02-21
miava,2010-02-13,2015-02-14
miavc,2014-06-18,2014-10-29
miave,2012-01-23,2015-01-24
miavi,2009-03-03,2015-01-26
miavo,2010-11-12,2014-10-21
miavu,2013-03-12,2015-02-11
miavw,2012-09-18,2014-09-19
miavy,2011-04-28,2014-03-08
zirvo,2000-06-09,2013-08-25
vigvn,2014-02-28,2014-12-30
vigva,2014-09-08,2014-09-09
migva,2014-04-11,2014-04-11
kiwvi,2014-11-17,2014-11-17
migvi,2013-11-03,2014-10-27
kikvi,2013-08-22,2014-08-20
vifvi,2014-03-17,2014-04-03
kikvb,2010-12-17,2010-12-18
nizvc,2014-02-27,2014-02-27
kikvt,2012-05-16,2014-05-17
vijva,2007-07-28,2014-07-27
kimvz,2014-10-16,2014-10-22
kimvy,2009-06-22,2014-06-27
kimvv,2014-09-04,2014-09-04
vijvi,2009-06-23,2013-12-02
kimvu,2013-12-22,2014-08-22
kimvp,2014-08-10,2014-08-10
kimvn,2014-11-05,2014-11-05
kimvo,2002-05-16,2014-04-03
mixvv,2010-07-29,2014-07-21
kimvi,2006-02-14,2015-02-07
tikvo,2014-03-05,2014-03-05
kimvc,2013-01-11,2013-01-16
kimva,2007-05-31,2014-12-28
dievs,2005-11-07,2014-10-09
ligvt,2014-08-25,2014-08-25
nilvo,2010-03-10,2014-02-20
nijvz,2014-09-26,2014-09-26
zipvm,2013-09-17,2014-09-11
nilvi,1999-08-28,2014-08-28
nilve,2010-04-20,2015-02-14
vipvt,2014-03-04,2014-03-04
nilva,1995-06-24,2013-06-23
nirvc,2010-03-13,2010-03-13
mikvi,2004-09-24,2013-08-29
nijvn,2014-10-31,2014-11-01
mikvm,2014-03-07,2014-12-30
nilvv,2013-08-17,2013-08-17
nilvt,2014-07-28,2014-10-20
mikva,1998-12-08,2014-12-03
nilvs,2007-09-24,2014-09-25
mikve,2003-09-02,2014-08-07
mimvm,2012-08-31,2013-08-09
mimvo,2010-10-13,2014-10-10
mimvi,2009-10-30,2014-12-11
mimva,2005-03-10,2014-01-09
kiqvq,2014-11-04,2014-11-24
mimvu,2006-12-14,2014-11-27
mimvp,2014-12-23,2014-12-23
dizvk,2014-07-17,2014-08-02
eicvn,2014-03-21,2014-03-21
tieva,2012-05-01,2014-06-05
eicva,2011-10-25,2013-10-26
tievc,2001-11-26,2014-03-02
biuvi,2014-06-26,2014-06-26
jitvn,2012-08-28,2014-08-18
winvx,2014-07-24,2014-10-07
bisva,2015-01-06,2015-01-10
bisvi,2007-12-05,2014-11-17
jitvm,2014-06-17,2014-06-17
bisvo,2009-02-18,2014-11-24
bisvn,2013-08-15,2014-08-16
jitvb,2014-02-25,2014-09-04
gieva,2007-07-06,2014-09-11
eievn,2014-01-02,2015-01-03
winvz,2014-09-14,2014-09-14
lieve,1999-06-10,2014-06-11
cicvc,2014-04-21,2014-04-21
winvk,2010-02-24,2014-02-11
tisvl,2008-06-04,2014-05-26
eiovi,2014-06-04,2014-06-04
eiiva,2013-07-13,2014-07-26
wievs,2014-04-08,2014-04-08
lieva,2002-04-21,2014-02-27
eiivo,2011-06-13,2014-06-14
lievc,2012-05-13,2015-01-23
miovc,2013-06-20,2014-06-20
pibvf,2010-03-29,2014-03-30
lijve,2010-06-01,2014-06-04
jinvv,2014-02-14,2015-02-13
gieve,2014-07-06,2014-07-10
wievo,2014-10-31,2014-11-04
tiivi,1999-01-07,2015-02-12
zizva,2014-05-13,2014-05-13
vizvr,2012-02-09,2012-09-18
hijvq,2014-07-20,2014-07-22
vizvu,2014-12-11,2014-12-11
jirvz,2014-05-19,2014-11-22
wicvm,2009-10-24,2015-01-07
vizvy,2014-01-25,2015-01-17
vizva,2000-10-19,2014-10-20
xijva,2014-10-09,2014-10-09
jirvi,2013-03-25,2013-03-25
vizvi,2014-06-20,2014-06-20
jirva,2009-10-02,2014-10-23
sievy,2009-06-04,2014-07-10
vizvo,2005-12-03,2014-11-04
hilve,2000-05-17,2014-04-18
diuvo,2003-02-28,2013-04-02
jixve,2014-03-12,2014-08-19
diuvi,2012-11-21,2014-11-20
hilva,2008-10-10,2014-10-11
diwvy,2014-12-05,2014-12-18
hilvl,2008-02-28,2014-03-01
hilvm,2011-08-15,2014-08-16
hilvo,2011-03-24,2014-10-20
diuva,2009-07-09,2014-05-15
hilvi,2009-10-01,2014-09-22
zizvi,2014-01-25,2015-02-02
hilvw,2015-01-04,2015-01-04
diwvi,2014-09-15,2014-09-15
wicve,2011-11-11,2014-11-12
pizvs,2011-02-07,2015-02-06
hilvy,2013-10-05,2014-10-06
winvr,2002-08-14,2014-08-15
wiuvu,2014-12-30,2014-12-30
winvm,2008-08-07,2014-08-08
simva,2005-07-31,2014-08-01
vivva,2002-01-31,2015-01-16
xijvq,2014-01-22,2015-01-23
digvo,2005-09-13,2014-09-26
jinva,2012-06-06,2014-06-07
digvm,2006-12-01,2014-12-11
jinvc,2011-11-25,2014-11-17
digvj,2012-11-27,2014-11-20
digvi,2004-04-14,2014-03-16
jinvi,2013-04-09,2014-07-22
jinvj,2014-02-28,2014-03-16
digvc,2011-04-20,2015-01-05
digvb,2006-02-23,2014-02-06
digva,2013-01-03,2013-01-03
jinvo,2012-08-16,2014-08-01
jinvr,2013-12-26,2014-11-20
jinvs,2014-04-29,2014-04-29
jinvt,2012-03-12,2014-02-25
digvy,2006-06-16,2014-03-18
digvr,2014-09-22,2014-10-09
winvo,2005-09-29,2014-09-27
ligve,2013-12-30,2015-02-09
dievx,2012-08-22,2014-06-24
simvw,2014-07-19,2014-07-19
dievu,2010-04-24,2014-04-24
dievw,2014-03-12,2014-09-04
simvt,2014-07-04,2014-07-08
ligvi,2006-11-26,2014-11-27
jihvy,2008-01-16,2015-01-19
dievl,2014-11-28,2014-11-28
dievo,2005-12-06,2014-12-31
dievn,2012-03-05,2012-03-05
dievi,2010-09-25,2014-09-22
jihva,2014-09-27,2014-09-27
dieve,2002-02-21,2014-03-02
dieva,2000-10-24,2010-09-24
dievc,2014-02-02,2015-02-03
lievt,2013-05-07,2013-05-28
diavs,2003-06-10,2014-09-15
pilvo,2007-01-04,2014-11-13
diavu,2007-07-09,2014-07-12
pilvi,1999-01-11,2014-03-26
lievs,2011-02-02,2015-02-03
lievr,2014-02-26,2014-03-02
diavy,2003-04-16,2014-04-15
pilve,2003-01-21,2013-11-22
cievs,2013-08-20,2014-08-21
lievy,2013-05-03,2013-05-03
pilva,2003-03-03,2014-12-14
diava,2003-11-03,2014-11-01
diavc,2008-09-08,2013-09-03
diave,2014-05-12,2014-08-26
pilvy,2009-09-18,2014-07-18
diavg,2013-02-27,2014-02-28
lievb,2014-06-02,2014-10-16
diavi,2003-08-09,2014-08-04
lievo,2010-02-04,2015-02-05
lievn,2006-07-26,2007-10-31
lievi,2014-10-27,2014-10-31
diavo,2008-07-08,2014-07-09
diavn,2014-12-19,2014-12-22
liavi,2010-11-19,2013-10-14
ainvg,2014-11-27,2014-11-27
vivvy,2015-02-09,2015-02-13
liavo,2011-03-05,2014-05-10
ainvf,2014-01-06,2015-02-13
liava,2004-07-23,2014-05-07
vivvu,2012-03-01,2014-03-04
vivvv,2014-10-04,2014-10-04
liave,2004-09-21,2014-08-24
ainve,1999-04-06,2014-04-07
vivvr,2015-02-12,2015-02-12
liavz,2013-03-06,2014-03-07
vivvi,2000-12-11,2013-12-15
hifvh,2014-06-04,2014-06-04
vivve,2003-11-07,2014-11-08
winvh,2014-07-24,2014-10-07
hifve,2012-05-07,2014-05-22
hifvc,2014-12-18,2014-12-19
liavw,2001-03-29,2014-03-03
ailve,2010-06-11,2014-06-09
ailva,2010-03-17,2014-04-12
ainvr,2008-04-03,2014-03-20
ailvm,2010-01-01,2014-12-17
ailvo,2013-03-02,2014-12-05
ainvz,2014-11-28,2015-01-31
ainvx,2014-12-10,2014-12-10
ailvu,2011-03-14,2014-04-21
ailvt,2012-08-22,2014-08-24
ailvw,2014-07-11,2014-07-11
ainvc,2008-02-08,2015-02-09
ailvs,2014-03-26,2014-03-26
ailvr,2012-09-16,2014-08-21
ainvo,2009-10-05,2014-06-05
ximvs,2011-11-05,2014-10-23
ailvy,2013-07-27,2014-05-23
ailvx,2013-03-21,2014-03-13
ailvz,2011-02-13,2015-02-11
niuvi,2008-01-28,2015-01-28
xixve,2013-03-19,2014-02-20
hivvo,2013-05-29,2014-06-09
hivvl,2011-11-24,2014-10-26
hivvi,2008-03-12,2014-03-03
hipvp,2006-11-30,2013-09-03
hipvs,2011-08-18,2014-08-19
hipvi,2014-07-16,2014-07-16
risvk,2006-06-23,2014-06-25
hipvn,2014-04-15,2014-04-15
hipvo,2013-07-30,2013-10-10
aihva,2014-01-18,2014-12-19
hipva,2014-02-25,2014-02-25
uizve,2014-08-20,2014-08-22
hivvu,2015-02-06,2015-02-07
jidvd,2014-09-22,2014-09-22
aibvc,2013-10-06,2014-10-17
dikvi,2010-11-18,2014-11-12
dikvo,2014-03-15,2014-12-17
dikvn,2012-10-12,2014-05-16
aibvi,2011-11-29,2013-11-20
hizvn,2011-11-02,2012-11-30
aibvw,2014-06-03,2014-06-30
eiqvc,1999-06-28,2013-08-04
miuvd,2014-02-21,2014-09-04
virvi,2010-04-29,2014-05-05
miuva,2014-09-16,2015-02-14
virvo,2006-02-16,2011-02-24
virva,2004-11-16,2013-10-17
miuvn,2011-04-07,2014-04-06
miuvo,2013-01-31,2015-02-02
miuvi,2010-12-03,2014-04-17
virvy,2013-10-08,2014-10-09
uifvw,2014-06-09,2014-06-09
virvu,2014-06-18,2014-06-18
xinvv,2010-11-21,2014-11-29
uijvn,2014-03-06,2014-09-04
aixvm,2014-01-30,2015-01-31
xinvs,2012-03-24,2014-03-25
vitvu,2013-03-14,2014-03-15
vitvr,2015-01-24,2015-01-24
xinvy,2010-02-20,2014-03-16
vitvo,2011-12-18,2015-01-17
vitvl,2011-02-11,2014-02-15
xinve,,
xinvc,2004-08-03,2013-07-02
vitvi,2007-05-04,2014-05-04
xinvn,2014-11-12,2014-11-12
xinvo,2007-10-21,2014-10-16
xinvl,2014-10-10,2014-10-10
vitvb,,
vitvc,2013-11-23,2013-11-23
vitva,2011-05-19,2014-04-19
xirvo,2006-09-16,2014-09-17
xirvr,2014-10-13,2014-10-19
airvs,2013-02-06,2015-02-09
airvr,2011-03-25,2014-02-24
airvq,2014-04-05,2014-04-05
airvp,2013-03-15,2014-02-12
airvw,2010-10-21,2013-10-22
airvv,2014-08-21,2014-08-21
airvu,1999-05-03,2014-03-03
airvt,2014-08-06,2014-08-27
airvz,2014-06-24,2014-08-27
airvy,2010-04-24,2014-04-24
airvx,2014-06-24,2014-08-27
airvc,2013-07-27,2014-07-28
airvb,2000-11-01,2014-09-06
airva,2005-09-14,2014-02-12
airvg,2014-06-24,2014-08-27
airvf,2014-06-24,2014-08-27
airve,2010-07-08,2013-10-20
airvd,2014-06-24,2014-08-27
airvk,2012-12-26,2015-02-06
airvj,2012-12-14,2014-03-26
airvi,2011-06-07,2011-06-07
airvh,2014-06-24,2014-08-27
airvo,2005-06-17,2014-05-21
airvn,2006-11-15,2014-11-18
airvm,2008-11-12,2014-12-21
airvl,2014-04-15,2014-04-15
vidvo,2003-04-17,2014-03-27
vidvj,2013-06-20,2014-03-26
tiivo,2006-04-05,2014-04-19
mievs,2011-10-11,2014-08-04
winvc,2013-02-28,2014-02-24
vidvd,2009-09-20,2014-10-13
vidve,2012-02-15,2015-02-10
vidvb,2014-06-19,2014-09-02
vidva,2005-03-25,2013-12-31
mieve,2009-09-13,2014-10-10
mieva,2010-12-09,2014-12-10
vibvn,2014-11-08,2014-11-08
vibvo,2013-10-23,2014-09-14
vidvt,2009-10-04,2013-10-05
mievo,2007-06-02,2014-06-03
sievf,2014-02-27,2014-09-04
mievi,2014-02-04,2015-02-14
oigva,2014-07-22,2014-07-22
vihva,2013-12-25,2015-02-05
jiyvt,2014-10-30,2014-11-01
oigvj,2013-08-08,2014-08-14
vihvi,2013-06-10,2014-06-09
miyve,2014-11-25,2014-11-25
zilva,2004-04-03,2014-12-05
hivve,2008-12-07,2015-01-01
ticvg,2006-09-21,2014-09-21
misvs,2014-11-09,2014-11-11
misvv,2008-04-22,2014-03-18
xidvi,2014-12-15,2015-02-13
misvt,2014-05-10,2014-07-29
vinvs,2013-01-22,2013-01-22
xidvd,2013-09-26,2014-09-26
misvx,2013-11-11,2014-11-12
vinvx,2014-06-17,2014-06-17
vinvy,2014-06-19,2014-07-05
misvc,2013-07-31,2014-07-25
misva,2007-01-31,2015-01-30
vinva,2004-02-08,2014-02-07
vinvm,2010-10-06,2010-10-06
vinvn,2013-05-14,2014-08-14
misvi,2015-01-05,2015-01-05
misvn,2012-08-15,2014-08-20
misvo,2009-07-30,2014-07-31
liqvy,2012-05-10,2014-04-28
hivvx,2014-03-28,2014-03-28
pipvw,2012-05-15,2014-10-18
pivvn,2014-08-12,2014-08-12
pivvo,2012-01-12,2015-01-01
pivvi,2013-12-15,2015-01-27
liqvi,2015-01-15,2015-01-15
hivvv,2007-01-18,2015-01-21
jidvc,2010-06-30,2010-06-30
liqva,2011-03-07,2014-03-08
pipvl,2005-03-22,2014-03-18
liqvd,2013-01-10,2014-12-14
liqvf,2014-07-08,2014-07-17
miivy,2009-02-23,2014-12-31
miovi,2003-03-16,2014-10-18
miovf,2014-01-15,2015-02-08
miove,2004-05-27,2014-04-21
miivu,2007-07-06,2014-04-22
miova,2003-11-14,2014-03-24
miivi,2013-09-27,2014-11-02
miivo,2007-02-08,2015-02-09
miiva,2013-09-03,2014-09-04
miovt,2012-01-04,2015-01-05
miovr,2014-10-11,2014-10-11
miive,2005-02-04,2015-02-05
miivf,2011-03-31,2015-01-29
micvb,2010-07-16,2010-07-16
micva,2013-05-13,2015-02-03
micve,,
micvi,2013-06-15,2013-09-01
micvn,2012-10-26,2014-10-27
micvo,2013-11-12,2014-12-15
micvs,2014-05-09,2014-05-09
micvu,2014-06-13,2014-06-16
micvy,2012-11-03,2013-11-03
jibvi,2004-05-26,2014-04-06
oimvu,2010-08-20,2014-08-12
cirve,2007-05-29,2013-05-30
niuvc,2014-05-02,2014-05-02
cipvt,2004-07-30,2014-04-23
cipvs,2014-03-01,2014-09-04
cirvo,2009-09-11,2014-10-10
cirvi,2013-07-07,2014-08-19
niuva,2007-03-17,2014-02-17
cirvu,2014-11-13,2014-11-13
cipvb,2014-06-17,2014-07-04
cipva,2003-01-16,2014-04-18
cipvn,2012-12-27,2015-01-26
cipvm,2012-04-13,2014-04-18
cirvy,2009-04-21,2014-04-15
eigvc,2014-08-07,2014-08-07
likvy,2015-01-17,2015-01-17
likvc,,
likva,2011-01-03,2015-02-14
likve,2013-03-29,2014-03-28
likvd,2011-05-10,2014-05-10
likvk,2014-07-05,2014-08-20
likvi,2013-05-13,2014-05-21
likvn,2014-05-21,2014-05-21
likvm,2013-06-15,2014-11-04
civvy,2000-01-30,2013-12-23
fisvt,2014-08-19,2014-08-19
liuva,2010-08-21,2014-08-24
eimva,2012-10-02,2014-09-26
liuvc,2012-09-28,2015-01-08
eimvc,2003-10-06,2014-11-18
niuvo,2013-03-21,2014-03-22
liuvo,2012-03-15,2014-02-28
liuvi,2011-10-28,2011-10-28
civvi,2003-10-21,2013-09-17
civvj,2014-07-22,2014-07-22
civvo,2008-05-23,2014-05-24
liuvr,2013-01-30,2015-01-19
civva,2013-05-09,2014-11-10
fisvn,2012-07-06,2014-06-18
civve,2014-04-19,2014-04-19
fiwvi,2013-12-26,2015-02-07
fiwvo,2014-06-03,2014-07-05
niuvr,2014-08-11,2014-08-11
zipvi,2011-08-21,2013-08-21
fiwve,2014-06-12,2014-06-12
sirva,2000-07-27,2014-08-29
niuvv,2014-06-21,2014-06-21
cibvv,2014-09-11,2014-09-17
niuvu,2009-08-21,2014-08-19
cibvs,2008-06-03,2014-05-19
cibvy,2014-10-17,2014-10-17
cibvc,2013-12-10,2015-01-19
cibvi,2014-09-02,2014-09-02
virvm,2012-06-19,2014-06-20
tiove,2014-09-05,2014-09-05
cifvf,2013-12-10,2015-02-13
wizva,2011-07-21,2013-07-05
virve,1999-04-01,2014-03-17
hiava,2003-08-06,2007-03-02
cilvr,2011-02-20,2011-02-20
zipvu,2007-01-02,2015-01-03
sivvo,2012-12-06,2014-12-08
zivvd,2014-07-01,2014-07-07
cilvy,2010-03-04,2015-02-03
cilvc,2014-02-13,2015-01-27
sivva,2010-04-22,2014-04-25
cilva,2002-11-08,2014-11-24
cilve,2000-04-06,2014-10-01
gilvv,1999-07-30,2014-07-22
cilvi,2014-07-26,2014-07-26
ticvn,2011-09-22,2014-09-03
cilvo,2013-12-07,2015-01-10
niovi,2000-06-05,2013-05-06
pixvi,2013-08-11,2014-07-29
pixvl,2014-07-01,2014-07-05
jizva,2015-02-04,2015-02-08
niovo,2004-08-20,2014-07-31
pixvo,2006-07-03,2014-06-18
niova,2000-10-10,2014-10-11
gilvs,2014-07-05,2014-08-17
pixvc,2014-02-05,2014-11-10
niove,2009-02-21,2014-02-18
pixve,2013-01-29,2015-01-30
pixvy,2014-03-15,2014-09-08
niovz,2014-12-05,2014-12-18
pixvr,2014-05-11,2014-05-14
niovr,2005-07-22,2014-07-11
pixvu,2013-05-05,2014-05-07
sivvy,2012-08-19,2014-08-02
viiva,2011-09-27,2014-05-24
wizvu,2013-06-15,2014-06-20
rivvu,,
nievs,2003-07-25,2014-06-25
kitvr,2014-03-02,2014-03-02
kitvu,2010-02-05,2015-02-05
kitvy,2014-06-17,2014-06-17
xiavx,2014-11-07,2015-02-13
wizvy,2014-11-29,2014-12-21
kitva,2011-03-22,2014-03-01
nieve,1997-12-10,2014-11-19
rivvy,2006-09-13,2014-09-15
xinvr,2014-08-21,2014-08-21
nievi,2013-01-31,2015-01-24
hinvi,2008-04-16,2014-04-17
kitvo,2006-11-10,2014-11-11
kitvn,2007-11-12,2014-11-04
niyvw,2014-04-29,2014-07-09
kihvr,2014-03-17,2014-03-17
gilva,1998-04-10,2014-05-28
kijvz,2011-10-20,2014-10-21
pinvn,2011-05-31,2013-07-06
pinvo,2006-12-07,2014-12-07
pinvl,2014-03-31,2014-03-31
pinvm,2013-03-11,2014-03-06
pinvi,2010-11-09,2015-02-09
pinve,2014-02-16,2014-06-12
pihvt,2014-11-22,2014-11-22
pinvc,2008-06-11,2014-04-12
pinva,2007-05-04,2014-05-05
pihvi,2011-06-28,2013-04-09
pinvx,2006-05-17,2014-05-17
pinvy,2012-07-05,2014-06-06
jijvl,2013-12-13,2015-01-18
pihva,2014-08-24,2014-08-25
pinvu,2014-07-17,2014-07-17
pinvr,2015-01-30,2015-01-30
hihvj,2014-04-23,2014-07-24
pihvf,2014-06-04,2014-07-01
licvk,2012-09-03,2012-09-03
jivvi,2014-11-25,2014-11-30
licvi,2012-12-25,2014-12-26
licvo,2013-12-26,2015-01-01
licvn,2011-01-14,2011-01-14
jivvo,2010-11-22,2014-11-25
jivva,2011-01-19,2013-09-22
licva,2014-05-10,2014-05-10
vimvy,2012-04-26,2014-03-15
jivve,2011-09-13,2014-10-25
licve,2013-04-01,2014-03-30
licvd,2013-10-17,2013-10-17
jivvy,2003-02-09,2015-02-14
pibvp,2013-09-11,2014-09-03
liovo,2008-02-11,2015-02-12
niive,2014-12-21,2014-12-21
liovi,2013-12-22,2014-12-23
niivo,2011-09-23,2014-08-20
liove,2005-11-18,2014-06-16
xinva,2014-11-01,2014-11-01
niivk,2013-04-05,2014-03-17
liova,2000-02-14,2015-02-12
niavo,2006-03-18,2014-08-21
vixva,2014-05-01,2014-05-01
vixvj,2014-04-18,2014-04-23
liovu,2011-03-21,2014-09-05
vixvi,2014-04-27,2014-07-11
liovs,2012-11-19,2014-11-20
vixvo,2013-10-23,2014-09-14
pidvs,2012-04-12,2014-04-13
limvw,2014-05-09,2014-05-29
limvp,2014-06-23,2014-06-23
xinvk,2014-06-05,2014-06-05
pidvd,2003-02-13,2014-12-15
nikvd,2014-02-26,2014-07-28
limvo,2007-08-31,2014-08-28
limvi,2014-08-22,2014-08-22
pidva,2010-09-22,2014-09-07
limvd,2014-07-03,2014-07-03
nikvo,2009-09-23,2014-02-21
kizvn,2009-01-20,2015-01-20
limva,2006-05-07,2010-04-06
limvc,2004-08-10,2014-08-04
aijvr,2014-11-12,2014-11-12
gicvs,2012-03-19,2014-02-14
citvc,1999-11-17,2015-01-08
gicvn,2013-12-28,2014-12-29
gicvh,2014-03-05,2014-09-04
figvn,2014-12-13,2014-12-15
figva,2002-03-13,2014-01-02
gicve,2011-11-11,2014-11-12
figvb,2014-02-24,2014-09-04
gicvc,2014-05-22,2014-05-22
fimvc,2014-07-07,2015-02-10
giovq,2013-12-20,2015-01-30
fimva,2009-01-17,2015-01-18
giive,2007-09-26,2014-05-09
aidve,2014-05-15,2014-05-15
fimvj,2015-01-13,2015-01-13
jifvs,2014-06-24,2014-06-24
aifvs,2013-08-12,2014-10-28
fimvn,2006-01-06,2014-11-22
giivi,2013-09-22,2014-08-25
giova,,
giivr,2010-04-06,2014-03-08
giove,1997-02-20,2015-01-20
fimvu,2011-06-01,2014-07-28
fimvz,2014-01-27,2015-01-09
giovj,2009-11-09,2014-11-10
giovl,2012-09-20,2012-09-20
aidvp,2014-04-24,2014-04-24
giovo,,
wilvo,2002-04-24,2014-04-25
jilva,2012-10-31,2014-10-25
jilve,2013-05-27,2014-05-21
jilvw,2014-11-24,2014-11-24
zihva,2013-03-13,2014-03-14
zinvy,2007-08-15,2014-08-16
aivvo,2014-10-22,2014-10-22
sinva,2008-07-04,2014-06-23
wiivu,2014-05-09,2014-05-09
aivvi,2014-12-08,2014-12-08
aivvc,2014-07-22,2014-07-22
sinvc,2008-05-02,2014-05-03
aivva,2004-11-18,2014-12-15
wiivy,2014-08-08,2015-02-12
wiivf,2010-10-04,2013-07-10
xilve,2013-04-10,2014-04-11
wiivd,2014-07-10,2014-12-31
hitvo,2012-08-14,2013-11-19
wiivc,2006-04-27,2014-04-24
aivvy,2014-01-03,2014-09-12
wiiva,2013-10-19,2014-10-14
aivvv,2013-01-10,2014-10-13
xilvo,2009-02-15,2014-10-21
xilvi,2009-06-03,2014-06-02
wiivi,2007-06-20,2014-06-20
zisvd,2012-05-24,2014-03-28
oisva,2014-01-14,2015-02-08
wiuvl,2008-01-28,2015-01-28
xipva,2014-07-20,2014-07-22
oisvn,2009-09-28,2014-11-26
aitvs,2010-06-13,2014-01-23
aitvm,2014-02-18,2014-02-18
bigvu,2009-06-01,2014-10-26
aitvo,2008-04-26,2014-11-07
giyve,2013-12-19,2015-01-30
aitvk,2012-11-14,2014-11-24
hitve,2013-06-05,2014-05-12
aitve,2014-12-05,2014-12-05
giyvm,2014-06-03,2014-06-30
aitva,2012-03-31,2012-04-29
sinvk,2008-11-23,2014-10-22
aitvc,2007-12-19,2013-12-19
aitvb,2014-03-20,2014-07-05
ficvg,2015-01-13,2015-01-13
gievi,2007-02-20,2014-02-21
gievn,2014-06-10,2014-06-10
gievo,2015-01-12,2015-01-12
fiavq,2014-12-11,2014-12-11
xivvy,2011-01-06,2015-01-17
ficvn,2014-03-31,2014-03-31
ficvi,2014-05-23,2014-05-23
xivvs,2014-02-23,2014-10-12
bigvp,2010-03-04,2015-02-04
xivvo,2012-10-09,2014-09-09
fiave,2006-04-20,2015-01-21
aipvb,2014-06-03,2014-06-30
aipve,2013-12-19,2014-12-18
bigvs,2000-07-09,2014-04-29
fiava,2002-10-03,2014-09-07
xivvi,2010-10-18,2014-10-09
fiavo,2012-12-08,2014-09-22
fiavn,2014-07-07,2014-11-11
hitvc,2011-02-13,2015-02-13
aipvl,2014-06-23,2014-06-23
fiavi,2011-10-25,2014-10-10
xivva,2014-08-22,2014-10-20
winvy,2009-05-29,2014-06-07
zinvo,2007-04-08,2014-01-20
sinvp,2011-05-05,2013-07-10
bigvo,2005-02-20,2015-01-01
eisvi,2007-11-21,2013-11-22
tisvm,2014-07-04,2014-10-28
bigvi,2004-03-31,2011-03-15
riivd,2014-07-09,2014-09-27
bigvh,2011-10-10,2011-10-10
ripvw,2010-07-16,2014-06-26
sinvv,2013-12-29,2015-01-23
sinvy,2015-01-16,2015-01-16
eisvc,2008-12-18,2015-01-27
timva,2013-06-19,2014-06-20
ripvm,2013-09-17,2014-09-17
ripvi,2013-10-27,2014-10-28
oicvt,2014-08-24,2014-08-24
rilvo,2005-12-05,2015-01-10
yiivg,2013-12-19,2014-12-11
dimvi,2011-11-17,2014-11-18
timvb,2007-01-17,2015-01-10
wievv,2014-10-10,2014-11-15
rilve,2014-05-28,2014-05-28
rilvz,2014-07-29,2014-10-20
winvu,2011-07-17,2014-07-02
wievi,2014-03-06,2015-01-09
hitvr,2014-11-24,2014-11-24
oicvm,2006-11-10,2014-11-10
oicvn,2014-09-18,2014-09-18
wieva,2013-12-17,2015-02-03
winvw,2010-08-11,2014-08-06
wieve,2008-04-05,2014-04-18
aidvd,2009-08-13,2014-08-14
winvv,2014-02-27,2014-03-01
wicvh,2013-03-03,2014-02-02
wicvi,2011-12-20,2015-02-02
hixva,2014-03-10,2014-03-10
timvi,2012-11-29,2014-11-07
wicva,2011-03-28,2014-03-31
winvp,2013-04-25,2013-04-25
giuvi,2014-01-20,2015-01-21
rigvc,2012-04-05,2014-04-08
wicvv,2014-07-18,2014-08-08
giuva,2008-11-08,2014-11-24
giuve,2013-08-21,2014-08-05
gisvm,2008-07-05,2010-04-18
gisvn,2013-02-08,2015-02-09
gisvi,2015-01-13,2015-01-13
gisva,2001-11-07,2014-10-30
aizve,2014-06-29,2014-07-12
wiovo,2014-08-11,2014-08-11
qigvj,2014-03-02,2014-09-04
wiovr,2014-07-01,2014-07-01
hisvt,2014-07-02,2014-07-02
oiyvi,2014-01-07,2015-02-02
oiyvf,,
wiovy,2010-09-11,2014-09-17
gisvr,2012-11-21,2012-11-21
hisvr,2013-05-30,2014-05-24
liyve,2009-05-22,2014-05-19
tiova,2009-10-22,2014-11-19
diive,2007-01-06,2014-03-31
pirve,2011-10-28,2014-11-09
liyvn,2014-04-04,2014-05-30
winve,2011-03-10,2013-03-30
ziivk,2014-01-09,2014-11-29
vidvk,2014-05-15,2014-05-16
kinvy,2014-05-21,2014-05-21
diivy,2014-01-09,2015-01-21
wixve,2014-09-09,2014-09-09
iijvi,2014-07-09,2014-11-18
kinvs,2014-05-31,2014-05-31
kinvr,2014-04-08,2014-04-09
kinvu,2013-07-25,2014-07-25
vilvr,2014-12-22,2014-12-28
kinvi,2000-10-05,2014-09-22
gibvq,2013-12-23,2014-12-05
tiovi,2011-05-05,2015-01-24
kinvo,2007-08-08,2014-07-29
kinva,2009-12-03,2014-12-23
hixvt,2014-03-10,2014-03-10
kinvc,2013-09-18,2014-09-18
winvb,2014-07-24,2014-10-07
kinve,2007-11-02,2014-10-30
wixvi,2012-06-03,2014-07-15
kinvg,2006-04-13,2014-01-14
kidvc,2008-07-09,2013-06-21
ricva,2013-04-30,2014-08-08
kidva,2015-02-03,2015-02-03
rizvo,2014-05-29,2014-05-29
rizvi,1996-08-06,2014-07-28
niuve,2012-11-28,2014-11-28
kidvd,2004-08-19,2007-10-10
kidvi,2011-02-15,2014-02-27
oiive,2011-12-14,2014-12-15
kidvo,2012-07-28,2014-09-06
kidvn,2012-09-24,2014-09-25
kidvm,2011-02-27,2013-12-29
oiiva,2014-06-30,2014-10-20
niuvs,2014-12-08,2015-02-13
kidvr,2014-05-16,2015-02-09
oiovl,2014-08-15,2014-08-15
kidvv,2013-09-22,2013-09-22
kidvu,2004-03-16,2014-04-15
oiovo,2012-11-23,2014-11-11
ricve,2015-02-10,2015-02-10
kidvy,2014-03-25,2015-01-12
hiave,2015-02-07,2015-02-07
rivva,2006-12-23,2014-11-24
eiuvw,2014-07-10,2014-07-12
hicvs,2014-09-15,2014-09-15
rivve,2008-07-10,2012-05-04
vibvi,2010-11-12,2014-10-30
hiavl,2013-01-17,2015-01-17
hiavo,2011-03-05,2014-05-10
hiavi,2011-01-05,2014-11-26
rivvo,2012-09-26,2014-09-29
ricvi,2010-03-17,2014-01-08
rivvr,2011-04-25,2014-03-26
hicvb,2014-08-14,2014-10-20
hiavs,2013-03-10,2013-03-10
rievo,2014-08-16,2014-11-05
hicvn,2009-11-12,2014-10-21
diivv,2014-01-21,2014-12-19
liivq,2009-06-21,2014-06-22
liivs,2009-10-26,2014-10-26
liivu,2013-07-15,2013-10-15
wixvu,2014-09-09,2014-09-09
liivy,2014-04-24,2014-04-24
oiuvd,2013-01-09,2015-01-10
vidvy,2012-01-01,2015-01-02
citvt,1998-10-20,2013-11-20
liiva,2008-09-09,2014-08-11
liive,2000-04-05,2014-04-04
liivd,2015-01-15,2015-01-15
citvm,2009-04-15,2014-04-30
liivf,1999-04-12,2013-03-07
liivi,2010-07-31,2014-08-23
citva,2012-12-09,2014-12-03
citve,2014-05-12,2014-05-12
zinvr,2014-04-01,2014-04-01
vidvu,2006-06-12,2014-09-28
ricvp,2006-09-14,2014-08-17
vidvr,2015-01-06,2015-01-06
fiuve,2013-05-21,2014-11-22
vibve,2011-11-11,2014-11-11
zihvv,2013-12-20,2015-02-02
zinva,2011-02-05,2015-01-14
zinve,2014-12-21,2014-12-22
cixvi,2014-05-02,2014-05-02
zinvi,2011-06-29,2014-10-06
zinvl,2011-04-16,2014-12-31
zinvn,2014-04-12,2014-04-12
aicvs,2014-12-15,2014-12-15
hisvg,2014-05-23,2014-05-23
lisvy,2011-02-08,2015-02-05
lisvx,2014-06-18,2014-07-05
hisvc,2004-03-09,2014-02-20
pitvr,2015-02-08,2015-02-09
hisva,2010-06-21,2014-05-22
pirvu,2003-06-20,2007-10-01
pirvz,2014-10-23,2014-11-01
hisvn,2006-11-06,2014-11-05
pirvy,2013-11-12,2014-11-08
hisvi,2010-12-31,2015-01-17
lisvh,2011-01-06,2011-01-06
lisvo,2013-07-03,2014-07-09
lisvn,2014-11-11,2014-11-11
hisvp,2009-07-14,2013-10-18
lisva,1999-01-18,2015-01-15
pirvi,2011-02-11,2015-02-12
lisve,2014-01-28,2015-01-29
pitve,2009-09-23,2014-09-07
pitva,2007-09-12,2011-06-22
hiqvc,2014-06-06,2014-06-06
siqvn,2014-03-02,2014-09-04
witvg,2014-06-26,2014-06-26
